Üks,@NN>
Ukraina,@NN>
sõdur,@SUBJ
suri,ROOT
haiglas,@ADVL
haavadesse,@ADVL
.,xxx
"
"
Mõned,@NN>
Seltsi,@NN>
liikmed,@SUBJ
said,ROOT
viga,@OBJ
.,xxx
"
"
Nooruse,@NN>
Maja,@NN>
suures,@AN>
saalis,@ADVL
on,ROOT
näitus,@SUBJ
ja,@J
etteantud,@AN>
teemadel,@SUBJ
tööde,@NN>
võistlus,@ADVL
.,xxx
"
"
Valge,@AN>
Maja,@SUBJ
pole,ROOT
sobiv,@AN>
võrdlus,@PRD
.,xxx
"
"
Miks,@ADVL
Eelise,@NN>
mall,@SUBJ
ei,@NEG
tööta,ROOT
?,xxx
"
"
Euroopa,@NN>
Liit,@SUBJ
ei,@NEG
ole,ROOT
riik,@PRD
.,xxx
"
"
Kuningas,@NN>
Hussein,@SUBJ
lubas,ROOT
neile,@ADVL
poliitilist,@AN>
varjupaika,@OBJ
.,xxx
"
"
Teenis,ROOT
Rootsi,@NN>
armees,@ADVL
kus,@ADVL
sai,@FMV
kapteni,@NN>
auastme,@SUBJ
.,xxx
"
"
Seos,@NN>
Eestiga,@SUBJ
tuleks,ROOT
ära,@Vpart
märkida,@ADVL
.,xxx
"
"
Kogu,@AN>
Kosovo,@NN>
alal,@ADVL
on,ROOT
tugevate,@AN>
maavärinate,@SUBJ
oht,@ADVL
.,xxx
"
"
Põhjamaade,@NN>
Nõukogu,@SUBJ
finantseerivad,ROOT
liikmesriikide,@NN>
parlamendid,@OBJ
.,xxx
"
"
Kas,@ADVL
Postimees,@SUBJ
on,ROOT
kollane,@AN>
ajakirjandus,@SUBJ
?,xxx
"
"
Kui,@J
Orlando,@SUBJ
oli,ROOT
neli,@ADVL
aastat,@<Q
vana,@PRD
suri,@FMV
ta,@SUBJ
isa,@ADVL
.,xxx
"
"
Pärast,@ADVL
Tapat,@<P
jaguneb,ROOT
raudtee,@SUBJ
kaheks,@<NN
.,xxx
"
"
Kõik,@NN>
Vatikani,@NN>
kodanikud,@SUBJ
on,ROOT
katoliiklased,@PRD
ja,@J
pühakojad,@PRD
kuuluvad,@FMV
katoliku,@AN>
kirikusse,@SUBJ
.,xxx
"
"
Link,@NN>
Töö,@NN>
Lipp,@SUBJ
läheb,ROOT
nähtavasti,@ADVL
valesse,@P>
kohta,@ADVL
.,xxx
"
"
Kontroll,@NN>
Vaba,@AN>
Riigi,@P>
üle,@ADVL
oli,ROOT
pea,@ADVL
pidevas,@AN>
kõikumises,@SUBJ
.,xxx
"
"
Uued,@AN>
Piibli,@ADVL
tõlked,@OBJ
tehti,ROOT
ja,@J
trükiti,@FMV
alles,@ADVL
20.,@AN>
sajandil,@ADVL
.,xxx
"
"
Kohaliku,@AN>
Nõukogude,@NN>
võimu,@NN>
algatusel,@ADVL
püüti,ROOT
1960.,@AN>
aastatel,@ADVL
kalmistut,@ADVL
hävitada,@OBJ
.,xxx
"
"
Esimene,@AN>
Eesti,@NN>
naine,@SUBJ
tõusis,ROOT
8000,@ADVL
meetri,@<Q
kõrgusele,@ADVL
.,xxx
"
"
Teisi,@AN>
Maale,@NN>
lähemaid,@AN>
tähti,@ADVL
vaata,ROOT
Maale,@ADVL
lähemate,@AN>
tähtede,@NN>
loendist,@ADVL
.,xxx
"
"
Kas,@ADVL
Tartu,@NN>
Pere,@NN>
Leib,@SUBJ
oli,ROOT
vale,@PRD
?,xxx
"
"
Leningradi,@NN>
Vaimuliku,@NN>
Seminari,@ADVL
lõpetas,ROOT
ta,@SUBJ
1949.,@AN>
aastal,@ADVL
esimese,@AN>
järguga,@OBJ
.,xxx
"
"
Artikkel,@NN>
Tsensuur,@ADVL
on,@FCV
ju,@ADVL
olemas,ROOT
.,xxx
"
"
Kas,@ADVL
Sul,@ADVL
on,ROOT
mingi,@NN>
ettepanek,@SUBJ
?,xxx
"
"
Iisraeli,@NN>
Jumala,@NN>
nimi,@SUBJ
esineb,ROOT
Vanas,@AN>
Testamendis,@ADVL
7000,@ADVL
korda,@<Q
.,xxx
"
"
Kas,@ADVL
Eestis,@ADVL
on,ROOT
praegu,@ADVL
mõisaid,@SUBJ
?,xxx
"
"
Eesti,@NN>
Vabariigi,@NN>
esimesel,@AN>
perioodil,@ADVL
töötasid,ROOT
dr,@ADVL
.,xxx
"
"
Teel,@NN>
Naganosse,@SUBJ
kustus,ROOT
leek,@ADVL
vähemalt,@DN>
üheksa,@ADVL
korda,@<Q
ära,@Vpart
.,xxx
"
"
Vana,@AN>
Toomas,@SUBJ
oleks,@FCV
võinud,ROOT
suurema,@AN>
tormi,@P>
korral,@ADVL
alla,@Vpart
kukkuda,@FMV
.,xxx
"
"
Hansa,@NN>
Liidu,@NN>
mõte,@SUBJ
oli,@FMV
turvata,ROOT
oma,@NN>
kaupmeeste,@NN>
tegevust,@OBJ
võõral,@AN>
maal,@ADVL
.,xxx
"
"
Adolf,@NN>
Friedrich,@SUBJ
oli,ROOT
kaks,@NN>
korda,@<Q
abielus,@PRD
.,xxx
"
"
Gerhard,@NN>
Schröder,@SUBJ
on,@FCV
olnud,ROOT
neli,@ADVL
korda,@<Q
abielus,@ADVL
.,xxx
"
"
Olev,@NN>
Oja,@SUBJ
alustas,ROOT
uue,@AN>
repertuaari,@NN>
hankimisega,@OBJ
.,xxx
"
"
Jaan,@NN>
Tätte,@NN>
juunior,@SUBJ
on,ROOT
minu,@P>
meelest,@ADVL
täiskasvanu,@PRD
ja,@J
elab,@FMV
omaette,@ADVL
.,xxx
"
"
Aleksander,@NN>
Rebane,@SUBJ
on,ROOT
pärit,@ADVL
füüsikute,@NN>
perekonnast,@PRD
.,xxx
"
"
Kaljo,@NN>
Alaküla,@SUBJ
meenutab,ROOT
traagilisi,@AN>
aastaid,@P>
läbi,@ADVL
lenduri,@NN>
pilgu,@OBJ
.,xxx
"
"
Belgias,@NN>
Brüsselis,@SUBJ
algas,ROOT
kolm,@ADVL
päeva,@<Q
kestev,@AN>
ülemaailmne,@AN>
eesti,@AN>
keele,@NN>
õpetajate,@NN>
kohtumine,@ADVL
.,xxx
"
"
Mary,@NN>
Harris,@SUBJ
sündis,ROOT
katoliiklasest,@NN>
farmeri,@NN>
peres,@ADVL
.,xxx
"
"
Maria,@NN>
Kaljuste,@SUBJ
visati,ROOT
erakonnast,@ADVL
välja,@Vpart
.,xxx
"
"
Peterburi,@NN>
Jaani,@NN>
kirik,@SUBJ
kerkib,ROOT
siiski,@ADVL
.,xxx
"
"
Urve,@NN>
Ratas,@SUBJ
on,ROOT
teenistuja,@NN>
tütar,@PRD
.,xxx
"
"
Uku,@NN>
Masingu,@NN>
artiklit,@ADVL
pole,ROOT
ma,@SUBJ
elusast,@AN>
peast,@ADVL
näiteks,@ADVL
näinud,@IMV
.,xxx
"
"
Nõukogude,@NN>
Liidu,@NN>
passis,@SUBJ
oli,ROOT
tema,@NN>
rahvuseks,@NN>
eestlane,@PRD
.,xxx
"
"
Kui,@J
Boriss,@SUBJ
oli,@FMV
mõned,@NN>
korrad,@ADVL
haamriga,@ADVL
löönud,@PRD
",",xxx
siis,@ADVL
granaat,@SUBJ
plahvatas,ROOT
.,xxx
"
"
Chicago,@NN>
Esimene,@AN>
kogudus,@ADVL
arvati,ROOT
EELK,@NN>
koosseisust,@SUBJ
välja,@Vpart
.,xxx
"
"
Aja,@NN>
Pulss,@ADVL
hakkas,@FMV
ilmuma,ROOT
ajakirja,@NN>
Küsimused,@ADVL
ja,@J
Vastused,@ADVL
asemel,@ADVL
1985.,@AN>
aasta,@NN>
jaanuaris,@<P
.,xxx
"
"
Tartus,@NN>
Ateena,@NN>
keskuses,@ADVL
kuulutati,ROOT
välja,@Vpart
2010.,@AN>
aasta,@ADVL
vabatahtlikud,@OBJ
.,xxx
"
"
Jüri,@NN>
Pihl,@SUBJ
võttis,ROOT
omaks,@PRD
",",xxx
et,@J
osa,@SUBJ
tema,@NN>
väiteid,@<NN
olid,@FMV
sobimatud,@PRD
.,xxx
"
"
Euroopa,@NN>
Komisjon,@SUBJ
asub,ROOT
suuremas,@AN>
osas,@ADVL
Brüsselis,@ADVL
.,xxx
"
"
Rakvere,@NN>
Pauluse,@NN>
kogudus,@SUBJ
kasutas,ROOT
kirikut,@ADVL
11,@ADVL
aastat,@<Q
.,xxx
"
"
Praegune,@AN>
Lääne,@NN>
Euroopa,@SUBJ
oma,@PRD
on,ROOT
kolmas,@AN>
ring,@PRD
?,xxx
"
"
Nõukogude,@NN>
Liit,@SUBJ
ei,@NEG
ole,ROOT
tingimata,@ADVL
Venemaa,@PRD
.,xxx
"
"
Nõukogude,@NN>
Liidu,@NN>
kangelase,@NN>
nimetuse,@SUBJ
said,ROOT
95,@OBJ
naist,@<Q
.,xxx
"
"
Onu,@NN>
Jüri,@NN>
Poska,@SUBJ
oli,ROOT
jurist,@NN>
ja,@J
õigeusu,@NN>
preester,@PRD
.,xxx
"
"
Poeg,@NN>
Tõnu,@NN>
Tormis,@SUBJ
on,ROOT
fotograaf,@PRD
.,xxx
"
"
Punase,@NN>
Risti,@NN>
hinnangul,@ADVL
võib,@FCV
olla,ROOT
hukkunud,@ADVL
kuni,@ADVL
1800,@SUBJ
inimest,@<Q
.,xxx
"
"
Minu,@NN>
Isa,@SUBJ
Oli,ROOT
Ausus,@SUBJ
Ise,@ADVL
on,@FMV
eesti,@AN>
ansambel,@PRD
.,xxx
"
"
Vastu,@ADVL
Epu,@ADVL
pakutud,@AN>
pealkiri,@SUBJ
on,ROOT
minu,@ADVL
arvates,@ADVL
parem,@PRD
.,xxx
"
"
Kooselu,@NN>
Tuglasega,@SUBJ
kestis,ROOT
kuni,@ADVL
Elo,@NN>
surmani,@<P
",",xxx
kokku,ROOT
52,ROOT
aastat,@<Q
.,xxx
"
"
Kui,@J
Peetrile,@SUBJ
röövidest,@OBJ
ette,@Vpart
kanti,@FMV
",",xxx
käskis,ROOT
ta,@SUBJ
süüdlased,@ADVL
kindlaks,@ADVL
teha,@OBJ
.,xxx
"
"
Vanem,@NN>
Mart,@NN>
Kull,@SUBJ
oli,ROOT
samuti,@ADVL
arst,@PRD
ja,@J
õppejõud,@PRD
",",xxx
vist,@DN>
dotsent,@PRD
.,xxx
"
"
Artiklis,@NN>
Hukkunute,@NN>
arv,@SUBJ
on,ROOT
hukkunute,@NN>
arv,@SUBJ
50,@ADVL
...,xxx
60,@ADVL
miljonit,@<Q
.,xxx
"
"
Tallinnas,@NN>
Vabaduse,@NN>
väljakul,@SUBJ
avati,ROOT
kolmekümnendad,@AN>
Eesti,@NN>
muusika,@NN>
päevad,@OBJ
.,xxx
"
"
Herbert,@NN>
Marcuse,@SUBJ
sündis,ROOT
Berliinis,@ADVL
väga,@ADVL
rikkas,@AN>
juudi,@NN>
perekonnas,@ADVL
.,xxx
"
"
Alfred,@NN>
Kütt,@SUBJ
omandas,ROOT
põllumajandusliku,@AN>
hariduse,@NN>
Soomes,@ADVL
.,xxx
"
"
Nõukogude,@NN>
Liit,@SUBJ
esitas,ROOT
oktoobrikuu,@NN>
lõpus,@ADVL
Soomele,@NN>
diplomaatilise,@AN>
noodi,@OBJ
.,xxx
"
"
Eesti,@NN>
Ekspressi,@SUBJ
kohustati,ROOT
Made,@P>
ees,@ADVL
kuu,@OBJ
aja,@P>
jooksul,@ADVL
vabandama,@FMV
.,xxx
"
"
Adolf,@NN>
Hitleri,@NN>
nõudmisel,@ADVL
jätkati,ROOT
Eesti,@NN>
territooriumi,@NN>
hoidmist,@ADVL
eelkõige,@ADVL
kahel,@ADVL
põhjusel,@<Q
.,xxx
"
"
Kas,@ADVL
Rootsis,@ADVL
oli,ROOT
Eesti,@NN>
NSV,@NN>
aeg,@SUBJ
?,xxx
"
"
Juhan,@NN>
Partsi,@NN>
valitsus,@SUBJ
astus,ROOT
10.,@AN>
aprillil,@ADVL
2003,@NN>
ametisse,@<Q
ametivande,@NN>
andmisega,@ADVL
Riigikogu,@P>
ees,@ADVL
.,xxx
"
"
Ainult,@DN>
Füüsika,@SUBJ
on,ROOT
kindlasti,@ADVL
liiga,@ADVL
vähe,@ADVL
.,xxx
"
"
Abu,@NN>
Meri,@SUBJ
saabus,ROOT
Lätisse,@ADVL
1993.,@AN>
aastal,@ADVL
meditsiini,@ADVL
õppima,@ADVL
.,xxx
"
"
Peale,@ADVL
Milani,@<P
on,@FCV
ta,@SUBJ
mänginud,ROOT
ka,@DN>
Rooma,@NN>
Lazios,@SUBJ
.,xxx
"
"
Filmimine,@NN>
Itaalias,@SUBJ
toimus,ROOT
igatahes,@ADVL
kokkuleppel,@NN>
Nõukogude,@NN>
Liiduga,@ADVL
.,xxx
"
"
Vallo,@NN>
Kirs,@SUBJ
sündis,ROOT
1987.,@AN>
aastal,@ADVL
Rakveres,@ADVL
.,xxx
"
"
Kuidas,@ADVL
Mustamäe,@NN>
nime,@OBJ
sai,ROOT
?,xxx
"
"
Mida,@OBJ
Jim,@ADVL
peaks,@FCV
tegema,ROOT
?,xxx
"
"
Mida,@OBJ
George,@ADVL
peaks,@FCV
tegema,ROOT
?,xxx
"
"
Kas,@ADVL
Eestis,@ADVL
on,ROOT
suurmeistreid,@SUBJ
?,xxx
"
"
Artiklis,@NN>
Iraak,@SUBJ
on,@FCV
öeldud,ROOT
",",xxx
et,@J
Iraak,@SUBJ
on,@FMV
USA,@NN>
okupatsiooni,@P>
all,@ADVL
.,xxx
"
"
Berliini,@ADVL
Mitte,@ADVL
rajooni,@NN>
vapp,@OBJ
kinnitati,ROOT
ametlikult,@ADVL
9.,@AN>
oktoobril,@ADVL
2001,@ADVL
pärast,@ADVL
rajooni,@NN>
piiride,@NN>
laiendamist,@<P
.,xxx
"
"
Arnold,@NN>
Rüütel,@SUBJ
on,@FCV
olnud,ROOT
ka,@DN>
liikumise,@ADVL
Hoia,@FMV
Eesti,@NN>
Merd,@NN>
esimees,@SUBJ
.,xxx
"
"
August,@NN>
Hunt,@SUBJ
on,ROOT
Eesti,@NN>
ansambel,@PRD
",",xxx
mis,@SUBJ
kogunes,@FMV
2010.,@AN>
aastal,@ADVL
.,xxx
"
"
Sten,@NN>
Karpov,@SUBJ
on,@FCV
sündinud,ROOT
ja,@J
üles,@Vpart
kasvanud,@IMV
Võrus,@ADVL
.,xxx
"
"
Ainuüksi,@DN>
Kraft,@NN>
Foods,@SUBJ
annab,ROOT
osariigis,@ADVL
tööd,@OBJ
enam,@ADVL
kui,@J
5000,@OBJ
inimesele,@<Q
.,xxx
"
"
Real,@NN>
Madrid,@SUBJ
on,@FCV
saanud,ROOT
võidud,@ADVL
ja,@J
vastu,@Vpart
võtnud,@IMV
kaotused,@OBJ
peamiselt,@DN>
viielt,@ADVL
klubilt,@<Q
.,xxx
"
"
Mart,@NN>
Jaanson,@SUBJ
on,@FCV
olnud,ROOT
Tartu,@NN>
Uue,@AN>
Muusika,@NN>
Pidustuste,@NN>
peakorraldaja,@PRD
.,xxx
"
"
Kui,@J
Hitler,@SUBJ
nõudmised,@P>
tagasi,@ADVL
lükkas,@FMV
",",xxx
kuulutasid,ROOT
mõlemad,@SUBJ
riigid,@NN>
Saksamaale,@NN>
3.,@AN>
septembril,@ADVL
sõja,@OBJ
.,xxx
"
"
Pärast,@ADVL
Friedrich,@NN>
Augusti,@NN>
surma,@<P
järgnes,ROOT
talle,@ADVL
troonil,@SUBJ
tema,@NN>
vend,@ADVL
Anton,@SUBJ
.,xxx
"
"
Küllo,@NN>
Arjakas,@SUBJ
on,@FCV
uurinud,ROOT
peamiselt,@ADVL
Eesti,@NN>
lähiajalugu,@OBJ
",",xxx
eriti,@DN>
riigi,@NN>
loomist,@OBJ
.,xxx
"
"
Kas,@ADVL
Eesti,@P>
ajal,@ADVL
oli,ROOT
eraldi,@AN>
Tartu,@NN>
ja,@J
Tartumaa,@NN>
malev,@SUBJ
?,xxx
"
"
Eesti,@NN>
Vabariigi,@P>
ajal,@ADVL
nimetati,ROOT
see,@SUBJ
veel,@ADVL
kord,@ADVL
ümber,@ADVL
Kirjaniku,@NN>
tänavaks,@<P
.,xxx
"
"
Mis,@SUBJ
Sinu,@NN>
ettepanek,@ADVL
oleks,ROOT
?,xxx
"
"
Mida,@OBJ
Sina,@NN>
faktiks,@ADVL
pead,ROOT
?,xxx
"
"
Kes,@SUBJ
Sul,@ADVL
keelab,@FCV
pikemalt,@ADVL
kirjutada,ROOT
või,@J
üldse,@ADVL
tegemata,ROOT
jätta,@OBJ
?,xxx
"
"
Juba,@ADVL
Rooma,@NN>
ajast,@ADVL
alates,@ADVL
on,@FCV
Portugali,@NN>
veinid,@ADVL
olnud,ROOT
rahvusvaheliselt,@ADVL
tuntud,@PRD
.,xxx
"
"
Elo,@NN>
Viidingu,@NN>
isa,@SUBJ
oli,ROOT
poeet,@PRD
ja,@J
näitleja,@PRD
Juhan,@NN>
Viiding,@PRD
.,xxx
"
"
Ellen,@NN>
Polli,@SUBJ
oli,ROOT
abielus,@NN>
Kaljo,@NN>
Polliga,@PRD
.,xxx
"
"
Keskerakonna,@NN>
Pärnu,@NN>
piirkonna,@NN>
kesklinna,@NN>
osakond,@ADVL
esitas,ROOT
Jüri,@NN>
Ratase,@NN>
erakonna,@NN>
esimehe,@NN>
kandidaadiks,@OBJ
.,xxx
"
"
Joseph,@NN>
Campbell,@SUBJ
sündis,ROOT
New,@NN>
Yorgis,@ADVL
.,xxx
"
"
Tallinna,@NN>
Sadama,@NN>
juhatuse,@NN>
esimehena,@ADVL
alustas,ROOT
tööd,@NN>
Valdo,@NN>
Kalm,@SUBJ
.,xxx
"
"
Boriss,@NN>
Nemtsov,@SUBJ
oli,ROOT
abielus,@PRD
.,xxx
"
"
Margus,@NN>
Järve,@SUBJ
tegutses,ROOT
üldjuhina,@ADVL
.,xxx
"
"
Priit,@NN>
Volmer,@SUBJ
on,ROOT
abielus,@PRD
.,xxx
"
"
Kõik,@SUBJ
Euroopa,@ADVL
kroonitud,ROOT
pead,@OBJ
peale,@Vpart
Juan,@NN>
Carlos,@NN>
I,@SUBJ
olid,@FMV
kohal,@ADVL
.,xxx
"
"
Kui,@J
Saksa,@NN>
väed,@SUBJ
ründasid,@FMV
1940.,@AN>
aastal,@ADVL
Norrat,@ADVL
",",xxx
pages,ROOT
tema,@NN>
pere,@NN>
Ameerikasse,@SUBJ
.,xxx
"
"
Millisest,@NN>
Uuemõisa,@NN>
mõisast,@SUBJ
on,ROOT
jutt,@PRD
?,xxx
"
"
Artiklis,@NN>
Maksud,@SUBJ
tuleb,ROOT
maks,@OBJ
arusaadavamalt,@ADVL
defineerida,@ADVL
.,xxx
"
"
Peategelase,@NN>
Kivistiku,@ADVL
uurida,@ADVL
on,ROOT
kaks,@SUBJ
juhtumit,@<Q
.,xxx
"
"
Vabariigi,@NN>
President,@SUBJ
vabastab,ROOT
ministri,@OBJ
ametist,@ADVL
ka,@ADVL
siis,@ADVL
",",xxx
kui,@J
Riigikogu,@SUBJ
avaldab,@FMV
oma,@NN>
otsusega,@OBJ
ministrile,@NN>
umbusaldust,@ADVL
.,xxx
"
"
Nõukogude,@NN>
Liidu,@P>
jaoks,@ADVL
oli,ROOT
projekt,@SUBJ
peaasjalikult,@ADVL
poliitiline,@PRD
ja,@J
strateegiline,@PRD
",",xxx
kuid,@J
majanduslikult,@DN>
perspektiivita,@ADVL
.,xxx
"
"
Pärast,@ADVL
Eestist,@NN>
lahkumist,@<P
töötas,ROOT
Itaalias,@SUBJ
",",xxx
Šveitsis,@SUBJ
ja,@J
Prantsusmaal,@SUBJ
.,xxx
"
"
Eesti,@NN>
Teaduste,@NN>
Akadeemia,@SUBJ
avati,ROOT
.,xxx
"
"
Miks,@ADVL
Ugala,@SUBJ
on,ROOT
Viljandis,@SUBJ
?,xxx
"
"
Kas,@ADVL
Eestis,@ADVL
nimetatakse,ROOT
seda,@OBJ
nii,@ADVL
?,xxx
"
"
Kohalikud,@AN>
Albaania,@NN>
aadlikud,@SUBJ
säilitasid,ROOT
paavstiga,@NN>
head,@AN>
suhted,@OBJ
.,xxx
"
"
Kõik,@NN>
Islandi,@NN>
ajalehed,@SUBJ
on,ROOT
tabloidformaadis,@PRD
.,xxx
"
"
Puhas,@AN>
Kalmani,@NN>
filter,@SUBJ
ei,@NEG
kohanda,ROOT
andmeid,@OBJ
.,xxx
"
"
Vaevalt,@ADVL
Visnapuu,@SUBJ
üritas,ROOT
sellega,@ADVL
tervet,@AN>
kommunismi,@ADVL
lahti,@Vpart
seletada,@OBJ
.,xxx
"
"
Igatahes,@ADVL
Nõmme,@NN>
valitsuse,@NN>
eluloos,@ADVL
on,@FCV
tema,@NN>
surmakuupäev,@ADVL
antud,ROOT
.,xxx
"
"
Kas,@ADVL
Bütsantsi,@NN>
provints,@ADVL
oli,ROOT
linn,@SUBJ
?,xxx
"
"
Valda,@NN>
Raud,@ADVL
on,@FCV
tõlkinud,ROOT
peamiselt,@DN>
inglise,@AN>
ja,@J
vene,@AN>
keelest,@ADVL
.,xxx
"
"
Kalevlaste,@NN>
Maleva,@NN>
pataljon,@SUBJ
osales,ROOT
mitmes,@ADVL
Vabadussõja,@NN>
lahingus,@ADVL
.,xxx
"
"
Lauri,@NN>
Vahtre,@SUBJ
täiendas,ROOT
seda,@NN>
ajalooliste,@AN>
sündmuste,@NN>
alal,@ADVL
.,xxx
"
"
Leitnant,@NN>
Kumari,@NN>
tütar,@SUBJ
oli,ROOT
isa,@NN>
surma,@NN>
hetkel,@ADVL
vaid,@DN>
"1,5",@PRD
aastane,@<Q
.,xxx
"
"
Algus,@NN>
Raadik,@SUBJ
oli,ROOT
kooliõpetaja,@NN>
poeg,@PRD
",",xxx
ema,@SUBJ
oli,@FMV
koduperenaine,@PRD
.,xxx
"
"
Kuues,@AN>
Keila,@NN>
sild,@SUBJ
valmib,ROOT
2015.,@AN>
aasta,@NN>
lõpul,@ADVL
.,xxx
"
"
Lisaks,@ADVL
Parra,@<NN
veskile,@<NN
töötas,ROOT
ka,@DN>
Tamme,@NN>
veski,@SUBJ
.,xxx
"
"
Standard,@NN>
Company,@NN>
kaevandus,@SUBJ
tootis,ROOT
järgmise,@AN>
25,@P>
aastaga,@<Q
üle,@ADVL
15,@ADVL
miljoni,@<Q
dollari,@<Q
kasumit,@ADVL
kullas,@OBJ
.,xxx
"
"
Linnu,@NN>
Tee,@SUBJ
on,ROOT
eesti,@AN>
rokkansambel,@PRD
",",xxx
mis,@SUBJ
tegutseb,@FMV
alates,@ADVL
1985.,@AN>
aastast,@<P
.,xxx
"
"
Ajakirja,@NN>
Kroonika,@NN>
lugejad,@ADVL
valisid,ROOT
ta,@SUBJ
2006.,@AN>
ja,@J
2008.,@AN>
aastal,@ADVL
seksikaimaks,@AN>
naiseks,@OBJ
.,xxx
"
"
Tartu,@NN>
Kalev,@SUBJ
oli,ROOT
ka,@DN>
korvpallimeeskond,@PRD
",",xxx
mis,@SUBJ
osales,@FMV
NSV,@NN>
Liidu,@NN>
meistrivõistlustel,@ADVL
kõrgliigas,@ADVL
.,xxx
"
"
Noorte,@NN>
Kotkaste,@NN>
Viru,@NN>
malev,@SUBJ
on,ROOT
Lääne-Viru,@NN>
maakonna,@P>
piires,@ADVL
tegutsev,@AN>
Noorte,@NN>
Kotkaste,@ADVL
piirkondlik,@AN>
üksus,@PRD
.,xxx
"
"
Kui,@J
Greta,@SUBJ
oli,@FMV
14-aastane,@PRD
",",xxx
suri,ROOT
tema,@NN>
isa,@SUBJ
.,xxx
"
"
Kui,@J
Oudekki,@SUBJ
oli,@FMV
12-aastane,@PRD
",",xxx
suri,ROOT
tema,@NN>
isa,@SUBJ
.,xxx
"
"
Kuidas,@ADVL
Sina,@SUBJ
seda,@OBJ
siis,@ADVL
sõnastaksid,ROOT
?,xxx
"
"
Püha,@AN>
Tool,@SUBJ
on,ROOT
praegu,@ADVL
ainus,@AN>
Euroopas,@ADVL
asuv,@AN>
rahvusvahelise,@AN>
õiguse,@NN>
subjekt,@PRD
",",xxx
mis,@SUBJ
tunnustab,@FMV
Hiina,@NN>
Vabariiki,@OBJ
.,xxx
"
"
Hiite,@NN>
Majast,@SUBJ
ei,@NEG
saa,@FCV
nimetuste,@P>
osas,@ADVL
lähtuda,ROOT
.,xxx
"
"
Ainult,@DN>
Iisak,@SUBJ
päris,@ADVL
tõotatud,ROOT
maa,@ADVL
.,xxx
"
"
Kas,@ADVL
Division,@SUBJ
ikka,@ADVL
on,ROOT
osakond,@SUBJ
?,xxx
"
"
Kas,@ADVL
Eesti,@NN>
ühiskond,@SUBJ
on,ROOT
valmis,@ADVL
tunnustama,@FMV
loomade,@NN>
eluõigust,@OBJ
?,xxx
"
"
Kas,@ADVL
Eesti,@NN>
ühingu,@NN>
nimes,@SUBJ
on,@FCV
tõesti,@ADVL
noorteühing,@ADVL
mainitud,ROOT
?,xxx
"
"
Artiklis,@NN>
Casper,@SUBJ
ei,@NEG
ole,@FCV
ta,@SUBJ
tõlgitud,ROOT
.,xxx
"
"
Nõukogude,@NN>
Liidus,@SUBJ
on,ROOT
teadupärast,@ADVL
alati,@ADVL
ajalugu,@SUBJ
päevapoliitilistele,@AN>
vajadustele,@ADVL
kohandatud,@IMV
.,xxx
"
"
Nõukogude,@NN>
Liidu,@NN>
osana,@ADVL
said,ROOT
Eestis,@ADVL
levinumaks,@AN>
vähemusrahvuseks,@SUBJ
aga,@J
venelased,@SUBJ
ja,@J
vene,@AN>
keelt,@SUBJ
kõnelevad,@AN>
rahvad,@OBJ
.,xxx
"
"
Gustav,@NN>
Piir,@SUBJ
on,ROOT
Ameerika,@NN>
Ühendriikides,@SUBJ
sündinud,@IMV
ja,@J
Kanadas,@ADVL
üles,@Vpart
kasvanud,@IMV
.,xxx
"
"
Kui,@J
Sul,@ADVL
see,@NN>
asi,@SUBJ
lihtsam,@ADVL
on,@FMV
",",xxx
siis,@ADVL
anna,ROOT
ise,@ADVL
viide,@OBJ
.,xxx
"
"
Belgias,@NN>
Brüsselis,@SUBJ
toimus,ROOT
Euroopa,@NN>
Liidu,@NN>
välisministrite,@ADVL
ja,@J
Euroopa,@NN>
asjade,@NN>
ministrite,@NN>
kohtumine,@ADVL
.,xxx
"
"
Tõnu,@NN>
Ots,@SUBJ
on,ROOT
Eesti,@NN>
Rooma,@NN>
Klubi,@NN>
liige,@PRD
.,xxx
"
"
Kert,@NN>
Kütt,@SUBJ
on,ROOT
eesti,@AN>
jalgpallur,@PRD
",",xxx
JK,@NN>
Nõmme,@NN>
Kalju,@NN>
väravavaht,@PRD
.,xxx
"
"
Arne,@NN>
Otter,@SUBJ
vaidlustas,ROOT
kohtus,@NN>
linnavalitsuse,@NN>
otsuse,@NN>
kinnistut,@OBJ
mitte,@ADVL
tagastada,@OBJ
.,xxx
"
"
Kanada,@NN>
Manitoba,@NN>
osariigis,@ADVL
toimusid,ROOT
kohaliku,@AN>
parlamendi,@NN>
valimised,@SUBJ
.,xxx
"
"
Tallinna,@NN>
Ülikoolis,@SUBJ
jõustus,ROOT
struktuurireform,@OBJ
",",xxx
millega,@ADVL
teaduskonnad,@ADVL
asendati,@FMV
instituutidega,@OBJ
.,xxx
"
"
Ilja,@NN>
Repini,@NN>
loomingus,@SUBJ
on,ROOT
olulisel,@AN>
kohal,@ADVL
revolutsioonilise,@AN>
võitluse,@NN>
teema,@PRD
.,xxx
"
"
Christian,@NN>
August,@SUBJ
oli,ROOT
salliv,@AN>
valitseja,@PRD
.,xxx
"
"
Enn,@NN>
Vetemaa,@SUBJ
ei,@NEG
olnud,ROOT
matusest,@NN>
osavõtja,@PRD
.,xxx
"
"
Andres,@NN>
Larka,@SUBJ
oli,ROOT
kolm,@ADVL
korda,@<Q
abielus,@ADVL
.,xxx
"
"
Richard,@NN>
Tayloril,@SUBJ
on,ROOT
niisugune,@NN>
argument,@NN>
fatalismi,@NN>
kasuks,@PRD
.,xxx
"
"
Nõmme,@NN>
Jannseni,@NN>
kaubamaja,@ADVL
võib,@FCV
saada,ROOT
hiiglasliku,@AN>
juurdeehituse,@SUBJ
.,xxx
"
"
Nõmme,@NN>
Jannseni,@NN>
kaubamaja,@ADVL
võib,@FCV
peagi,@ADVL
saada,ROOT
mahuka,@AN>
juurdeehituse,@SUBJ
.,xxx
"
"
Jaan,@NN>
Riet,@SUBJ
ei,@NEG
teinud,ROOT
oma,@NN>
pilte,@OBJ
üksi,@ADVL
.,xxx
"
"
Aleksandr,@NN>
Vampilovi,@NN>
näidendid,@SUBJ
olid,ROOT
omal,@AN>
ajal,@ADVL
väga,@ADVL
populaarsed,@PRD
.,xxx
"
"
Üks,@NN>
Kudina,@NN>
mõisaga,@ADVL
seotud,@AN>
lugudest,@SUBJ
puudutab,ROOT
Saare,@NN>
mõisa,@OBJ
.,xxx
"
"
Kristjan,@NN>
Palusalu,@SUBJ
ei,@NEG
kaotanud,ROOT
kodustel,@AN>
võistlustel,@ADVL
enam,@ADVL
kordagi,@ADVL
.,xxx
"
"
Kalju,@NN>
Kanguri,@NN>
luulest,@SUBJ
moodustab,ROOT
suure,@AN>
osa,@OBJ
loodusluule,@ADVL
.,xxx
"
"
John,@NN>
Deely,@SUBJ
on,@FCV
esitanud,ROOT
filosoofia,@NN>
ajaloo,@NN>
käsitluse,@NN>
märgi,@NN>
mõistmise,@NN>
ajaloo,@P>
kaudu,@ADVL
.,xxx
"
"
Nikolai,@NN>
Lvov,@SUBJ
oli,ROOT
väga,@ADVL
erudeeritud,@AN>
ja,@J
mitmekülgne,@AN>
mees,@PRD
.,xxx
"
"
Mihhail,@NN>
Uljanov,@SUBJ
on,ROOT
ka,@DN>
mitmete,@NN>
raamatute,@NN>
autor,@PRD
.,xxx
"
"
Surface,@NN>
Pro,@NN>
mudel,@OBJ
tehti,ROOT
kättesaadavaks,@AN>
kolm,@ADVL
kuud,@<Q
hiljem,@ADVL
.,xxx
"
"
Agnes,@NN>
Antik,@SUBJ
on,@FCV
tõlkinud,ROOT
ligi,@ADVL
paarkümmend,@ADVL
taani,@AN>
ja,@J
norra,@AN>
autorite,@<Q
teost,@OBJ
.,xxx
"
"
Priit,@NN>
Pärn,@SUBJ
on,ROOT
hariduselt,@NN>
bioloog,@PRD
.,xxx
"
"
Kristjan,@NN>
Kasearu,@SUBJ
andis,ROOT
singli,@OBJ
välja,@Vpart
.,xxx
"
"
Toomas,@NN>
Kasemaa,@SUBJ
võttis,ROOT
end,@OBJ
töötuna,@AN>
arvele,@ADVL
.,xxx
"
"
Thomas,@NN>
Jefferson,@SUBJ
oli,ROOT
pere,@ADVL
kümnest,@ADVL
lapsest,@<Q
kolmas,@PRD
.,xxx
"
"
Tarmo,@NN>
Lausing,@SUBJ
on,ROOT
abielus,@PRD
ja,@J
tal,@ADVL
on,@FMV
kaks,@SUBJ
last,@<Q
.,xxx
"
"
Sloveenia,@NN>
Istria,@SUBJ
on,@FCV
eriti,@ADVL
hinnatud,ROOT
oma,@NN>
veinide,@ADVL
ja,@J
oliiviõli,@P>
poolest,@ADVL
.,xxx
"
"
Itaalias,@NN>
Livornos,@SUBJ
hukkus,ROOT
paduvihmade,@NN>
tagajärjel,@ADVL
aset,@OBJ
leidnud,@IMV
üleujutustes,@ADVL
vähemalt,@DN>
kuus,@SUBJ
inimest,@<Q
.,xxx
"
"
Oliver,@NN>
Kahn,@SUBJ
on,@FCV
välja,@Vpart
võetud,ROOT
.,xxx
"
"
Jon,@NN>
Walker,@SUBJ
alustas,ROOT
oma,@NN>
soolokarjääri,@OBJ
.,xxx
"
"
Püha,@AN>
Walburga,@SUBJ
on,ROOT
populaarsemaid,@PRD
katoliku,@AN>
pühakuid,@ADVL
.,xxx
"
"
Türgis,@NN>
Konya,@NN>
linnas,@ADVL
varises,ROOT
kokku,@Vpart
elumaja,@NN>
sektsioon,@OBJ
.,xxx
"
"
Artikkel,@NN>
Kassari,@SUBJ
räägib,ROOT
saarest,@ADVL
",",xxx
küla,@SUBJ
ei,@NEG
maini,@FMV
.,xxx
"
"
Kui,@J
Lenini,@NN>
orden,@SUBJ
asutati,@FMV
",",xxx
siis,@ADVL
kangelase,@NN>
aunimetusi,@SUBJ
veel,@ADVL
ei,@NEG
olnud,ROOT
.,xxx
"
"
Pärast,@ADVL
Põhjasõda,@<P
vajas,ROOT
kirik,@ADVL
taas,@ADVL
parandamist,@OBJ
",",xxx
kuigi,@J
pääses,@FMV
suuremate,@AN>
kahjustusteta,@ADVL
.,xxx
"
"
Eesti,@NN>
Kirikute,@NN>
Nõukogu,@SUBJ
on,@FCV
välja,@Vpart
andnud,ROOT
ka,@DN>
projekti,@OBJ
tutvustavaid,@AN>
tasuta,@NN>
buklette,@OBJ
.,xxx
"
"
Igatahes,@ADVL
Frege,@P>
järgi,@ADVL
on,ROOT
võimalik,@PRD
",",xxx
et,@J
osutus,@SUBJ
on,@FMV
füüsiline,@AN>
ese,@SUBJ
.,xxx
"
"
Nõukogude,@NN>
Liit,@SUBJ
ei,@NEG
jõudnud,ROOT
Vilniust,@NN>
Valgevene,@ADVL
NSV,@NN>
koosseisu,@OBJ
arvata,@OBJ
.,xxx
"
"
Rebecca,@NN>
Miller,@SUBJ
on,ROOT
stsenarist,@PRD
",",xxx
näitleja,@ADVL
ja,@J
lavastaja,@ADVL
.,xxx
"
"
Artiklis,@NN>
Vaiko,@NN>
Eplik,@SUBJ
on,ROOT
igatahes,@ADVL
teine,@NN>
jutt,@PRD
.,xxx
"
"
Soovitan,ROOT
Peeter,@NN>
Pälli,@ADVL
käest,@ADVL
küsida,@OBJ
.,xxx
"
"
Ullo,@NN>
Toomi,@P>
puhul,@ADVL
on,ROOT
jutt,@SUBJ
sünniaastapäevast,@ADVL
",",xxx
mitte,@DN>
sünnipäevast,@SUBJ
.,xxx
"
"
Link,@NN>
Jaan,@NN>
Port,@SUBJ
viib,ROOT
valele,@NN>
isikule,@ADVL
.,xxx
"
"
Tütar,@NN>
Tiina,@NN>
Abel,@SUBJ
on,ROOT
kunstiteadlane,@PRD
.,xxx
"
"
Leonardo,@NN>
Fibonacci,@SUBJ
tutvustas,ROOT
13.,@AN>
sajandi,@NN>
alguses,@ADVL
läänemaailmale,@NN>
arvutamist,@OBJ
araabia,@AN>
numbritega,@ADVL
.,xxx
"
"
Konstantin,@NN>
Päts,@SUBJ
ei,@NEG
olnud,ROOT
Rahvuskogu,@NN>
liige,@PRD
.,xxx
"
"
Peale,@ADVL
Lenini,@NN>
surma,@<P
viis,@FCV
tema,@SUBJ
postuleeritud,ROOT
kommunistlikke,@AN>
ideid,@NN>
ellu,@NN>
Stalin,@SUBJ
.,xxx
"
"
Trummar,@NN>
Chad,@NN>
Smith,@SUBJ
tuli,ROOT
bändi,@ADVL
kaks,@ADVL
nädalat,@<Q
enne,@ADVL
ühise,@AN>
plaadi,@NN>
salvestamist,@<P
.,xxx
"
"
Artiklis,@NN>
Eduard,@NN>
Limonov,@SUBJ
on,ROOT
töötav,@AN>
link,@NN>
partei,@NN>
venekeelsele,@AN>
kodulehele,@PRD
.,xxx
"
"
Kas,@ADVL
Hardo,@NN>
Pajula,@SUBJ
on,ROOT
majandusteadlane,@SUBJ
?,xxx
"
"
Kas,@ADVL
Louis,@NN>
Vuitton,@SUBJ
tootis,ROOT
kohvreid,@OBJ
?,xxx
"
"
Piet,@NN>
Hein,@SUBJ
on,ROOT
üks,@NN>
20.,@AN>
sajandil,@ADVL
enim,@AN>
auhindu,@ADVL
saanud,@AN>
taanlane,@PRD
.,xxx
"
"
Kas,@ADVL
Levi,@NN>
Jaagup,@SUBJ
on,ROOT
ebaoluline,@PRD
?,xxx
"
"
Tõnu,@NN>
Kõrvitsa,@NN>
muusika,@SUBJ
on,ROOT
habras,@PRD
ja,@J
õrn,@PRD
",",xxx
tulvil,@ADVL
poeetilisi,@AN>
nägemusi,@ADVL
.,xxx
"
"
Euroopa,@NN>
Liidus,@SUBJ
toetab,ROOT
Taani,@NN>
liberaalset,@AN>
kaubanduspoliitikat,@OBJ
.,xxx
"
"
Pärast,@ADVL
Preisimaa,@NN>
võitu,@<P
ei,@NEG
jälitanud,ROOT
Friedrich,@NN>
vastaste,@NN>
armeesid,@OBJ
.,xxx
"
"
Sõiduaeg,@NN>
Moskvasse,@SUBJ
on,ROOT
umbes,@DN>
1,@PRD
tund,@<Q
ja,@J
15,@ADVL
minutit,@<Q
.,xxx
"
"
Tänase,@AN>
Portugali,@NN>
aladele,@SUBJ
jõudsid,ROOT
esimesena,@ADVL
umbes,@ADVL
100,@ADVL
000,@<Q
aastat,@<Q
tagasi,@ADVL
neandertallased,@<P
.,xxx
"
"
Soome,@NN>
Õigeusu,@NN>
Kirikus,@SUBJ
on,ROOT
kokku,@DN>
3,@PRD
piiskopkonda,@<Q
24,@ADVL
kogudusega,@<Q
.,xxx
"
"
Washingtoni,@NN>
Ülikool,@SUBJ
on,ROOT
ülikool,@PRD
",",xxx
mis,@SUBJ
asub,@FMV
Seattle,@NN>
'',xxx
is,@NN>
Ameerika,@NN>
Ühendriikides,@ADVL
.,xxx
"
"
Viimane,@AN>
Eestimaa,@NN>
hertsog,@ADVL
oli,ROOT
Nikolai,@SUBJ
II,@ADVL
.,xxx
"
"
Jaanus,@NN>
Paal,@SUBJ
on,ROOT
töölise,@NN>
poeg,@PRD
ja,@J
Taimi,@NN>
Paali,@ADVL
abikaasa,@PRD
.,xxx
"
"
Karjamaa,@NN>
Põhikool,@SUBJ
on,ROOT
1964.,@AN>
aastast,@ADVL
Tallinnas,@ADVL
tegutsev,@AN>
kool,@PRD
.,xxx
"
"
Riia,@NN>
Peetri,@NN>
kiriku,@SUBJ
esine,ROOT
plats,@OBJ
",",xxx
2013,@ADVL
aastal,@<Q
.,xxx
"
"
Nüüdisaegse,@AN>
Tallinna,@NN>
maantee,@NN>
suund,@SUBJ
määrati,ROOT
pärast,@ADVL
Peetri,@NN>
värava,@NN>
rajamist,@<P
1822.,@AN>
aastal,@ADVL
.,xxx
"
"
Eesti,@NN>
Päevaleht,@SUBJ
tegi,ROOT
19.,@AN>
augustil,@ADVL
2010,@ADVL
artikli,@<Q
taas,@ADVL
veebi,@P>
kaudu,@ADVL
kättesaadavaks,@PRD
.,xxx
"
"
Kuigi,@J
Bulgaaria,@NN>
abi,@SUBJ
oli,@FMV
efektiivsem,@PRD
",",xxx
eelistati,ROOT
Bütsantsi,@NN>
abi,@OBJ
.,xxx
"
"
Teel,@NN>
Mekasse,@ADVL
ei,@NEG
tohi,@FCV
kanda,ROOT
riietes,@SUBJ
sõlmi,@FMV
ega,@ADVL
sõrmedes,@NN>
sõrmuseid,@OBJ
.,xxx
"
"
Ühinenud,@AN>
Saksa,@NN>
riigid,@SUBJ
pidid,@FCV
saama,ROOT
üheks,@NN>
kõige,@ADVL
mõjukamaks,@AN>
Euroopa,@NN>
riigiks,@ADVL
.,xxx
"
"
Amar,@NN>
Annus,@SUBJ
igatahes,@ADVL
kasutab,ROOT
nii,@ADVL
.,xxx
"
"
Päris,@ADVL
Lindamägi,@SUBJ
jääb,ROOT
natuke,@ADVL
eemale,@ADVL
.,xxx
"
"
President,@NN>
Trumani,@NN>
ametiajal,@SUBJ
algas,ROOT
väga,@ADVL
aktiivselt,@ADVL
ka,@ADVL
külm,@AN>
sõda,@ADVL
.,xxx
"
"
Eerik-Niiles,@NN>
Kross,@SUBJ
on,@FCV
saanud,ROOT
korduvalt,@ADVL
karistada,@ADVL
kiiruse,@NN>
ületamise,@P>
eest,@ADVL
.,xxx
"
"
Ithaka,@NN>
Maria,@SUBJ
hakkas,@FMV
muusikaga,@ADVL
tegelema,ROOT
väga,@ADVL
noorelt,@ADVL
.,xxx
"
"
Nora,@NN>
Kaplinski,@SUBJ
tõlkis,ROOT
nii,@ADVL
prantsuse,@AN>
kui,@J
poola,@AN>
keelest,@ADVL
.,xxx
"
"
Peale,@ADVL
Poolasse,@NN>
naasmist,@<P
määrati,ROOT
ta,@SUBJ
Zygmunt,@NN>
II,@AN>
Augusti,@NN>
sekretäriks,@ADVL
.,xxx
"
"
Kuigi,@J
Bahreini,@NN>
riigikeel,@SUBJ
on,@FMV
araabia,@AN>
keel,@PRD
",",xxx
räägitakse,ROOT
riigis,@ADVL
ka,@DN>
inglise,@AN>
keelt,@OBJ
.,xxx
"
"
Kuidas,@ADVL
Madisoni,@NN>
sõnu,@OBJ
nii,@ADVL
esitada,ROOT
",",xxx
et,@J
sellist,@NN>
muljet,@SUBJ
ei,@NEG
tekiks,@FMV
?,xxx
"
"
Ajaloolased,@SUBJ
Naani,@NN>
jutu,@OBJ
niisama,@ADVL
ei,@NEG
uskunud,ROOT
",",xxx
ja,@J
õieti,@ADVL
tegid,@FMV
.,xxx
"
"
Prints,@NN>
Carl,@NN>
Philip,@SUBJ
on,@FCV
tegelenud,ROOT
skautlusega,@ADVL
ning,@J
naudib,@FMV
tegevusi,@NN>
värskes,@AN>
õhus,@OBJ
.,xxx
"
"
Vallutatud,@AN>
Korsika,@SUBJ
säilitas,ROOT
Prantsusmaa,@NN>
koosseisus,@ADVL
teatud,@AN>
iseseisvuse,@OBJ
.,xxx
"
"
Briti,@NN>
Muuseumis,@NN>
töötamise,@P>
ajal,@ADVL
avaldas,ROOT
ta,@SUBJ
rohkem,@ADVL
kui,@J
500,@ADVL
publikatsiooni,@<Q
.,xxx
"
"
Sõda,@NN>
Donbassis,@SUBJ
pole,ROOT
sama,@PRD
mis,@SUBJ
Ukraina,@NN>
kriis,@PRD
.,xxx
"
"
Kas,@ADVL
Tsooru,@ADVL
on,@FCV
ikka,@ADVL
kuulunud,ROOT
Valgamaa,@P>
alla,@ADVL
?,xxx
"
"
Teine,@NN>
Narva,@NN>
lahing,@SUBJ
toimus,ROOT
aastal,@ADVL
1704,@<NN
",",xxx
kui,@J
venelased,@SUBJ
linna,@OBJ
ära,@Vpart
võtsid,@FMV
.,xxx
"
"
Kui,@J
Mario,@SUBJ
oli,@FMV
14,@ADVL
aastat,@<Q
vana,@PRD
",",xxx
saatis,ROOT
isa,@SUBJ
ta,@SUBJ
sõjaväeakadeemiasse,@ADVL
õppima,@FMV
.,xxx
"
"
Eestis,@NN>
Kihnus,@SUBJ
avati,ROOT
läbi,@Vpart
aegade,@ADVL
esimene,@AN>
lasteaed,@OBJ
",",xxx
milles,@ADVL
käib,@FMV
17,@SUBJ
mudilast,@<Q
.,xxx
"
"
Kreekas,@NN>
Larissa,@NN>
linna,@P>
lähistel,@ADVL
sõitsid,ROOT
veidi,@ADVL
pärast,@ADVL
keskööd,@<P
teelt,@ADVL
välja,@Vpart
Ateenasse,@NN>
teel,@ADVL
olnud,@AN>
reisirongi,@ADVL
viis,@SUBJ
vagunit,@<Q
.,xxx
"
"
Ants,@NN>
Eskola,@SUBJ
sündis,ROOT
Tallinnas,@ADVL
raamatupidaja,@ADVL
ja,@J
põllumehe,@ADVL
peres,@ADVL
.,xxx
"
"
Air,@NN>
Canada,@SUBJ
on,ROOT
Kanada,@ADVL
rahvuslik,@PRD
ja,@J
suurim,@AN>
lennufirma,@PRD
.,xxx
"
"
Trivimi,@NN>
Velliste,@SUBJ
nõudis,ROOT
esimesena,@ADVL
avalikult,@ADVL
Eesti,@NN>
iseseisvumise,@NN>
taastamist,@OBJ
.,xxx
"
"
Everi,@NN>
Vähi,@SUBJ
on,@FCV
sündinud,ROOT
Tallinnas,@NN>
muusiku,@NN>
perekonnas,@ADVL
.,xxx
"
"
Ivari,@NN>
Padar,@SUBJ
pageb,ROOT
raske,@AN>
ministritöö,@P>
eest,@ADVL
Brüsselisse,@ADVL
?,xxx
"
"
Kadri,@NN>
Kasak,@SUBJ
on,ROOT
Eesti,@NN>
laulja,@PRD
.,xxx
"
"
Ajalehel,@NN>
Pärnu,@NN>
Postimees,@SUBJ
on,ROOT
soliidne,@AN>
ajalugu,@PRD
.,xxx
"
"
Pavel,@NN>
Tretjakov,@SUBJ
sündis,ROOT
Moskvas,@ADVL
kaupmehe,@NN>
peres,@ADVL
.,xxx
"
"
Oscar,@NN>
Schindler,@SUBJ
suri,ROOT
Brasiilias,@ADVL
vaese,@AN>
mehena,@ADVL
.,xxx
"
"
Carl,@NN>
Roman,@NN>
Abt,@SUBJ
sündis,ROOT
katoliiklikus,@AN>
peres,@ADVL
.,xxx
"
"
Elizabeth,@NN>
Taylor,@SUBJ
tahtis,ROOT
Viru,@NN>
grilli,@OBJ
koju,@ADVL
kaasa,@Vpart
võtta,@IMV
.,xxx
"
"
Bill,@NN>
Russell,@SUBJ
mängis,ROOT
NBA-s,@ADVL
963,@ADVL
mängu,@<Q
.,xxx
"
"
Ajalooline,@AN>
Narva,@NN>
kihelkond,@SUBJ
asub,ROOT
ülekaalukalt,@ADVL
Narva,@NN>
jõe,@NN>
idakalda,@ADVL
",",xxx
nn,@ADVL
.,xxx
"
"
Marek,@NN>
Lindmaa,@SUBJ
töötab,ROOT
2004.,@AN>
aastast,@ADVL
TV3-s,@ADVL
.,xxx
"
"
Hertsog,@NN>
Ernst,@SUBJ
oli,ROOT
enda,@NN>
sõnul,@ADVL
siiski,@ADVL
edukas,@PRD
ning,@J
ta,@SUBJ
algatas,@FMV
maksude,@NN>
vähendamise,@OBJ
.,xxx
"
"
Kevin,@NN>
Mitnick,@SUBJ
pisteti,ROOT
ju,@ADVL
lõpuks,@ADVL
trellide,@P>
taha,@ADVL
kui,@J
häkker,@OBJ
.,xxx
"
"
Aurora,@NN>
Selts,@SUBJ
oli,ROOT
Soome,@NN>
18.,@AN>
sajandi,@NN>
teise,@P>
poole,@ADVL
haritlastest,@ADVL
koosnev,@AN>
sõpruskond,@PRD
.,xxx
"
"
Nõukogude,@NN>
Venemaal,@ADVL
osales,ROOT
ta,@SUBJ
Vene,@NN>
kodusõja,@ADVL
lahingutes,@ADVL
Uurali,@NN>
piirkonnas,@ADVL
.,xxx
"
"
Imre,@NN>
Kose,@SUBJ
on,ROOT
Norra,@NN>
kuningliku,@AN>
teeneteordeni,@ADVL
V,@AN>
klassi,@NN>
kavaler,@PRD
.,xxx
"
"
Finaalturniiril,@NN>
Jaapanis,@SUBJ
mängis,ROOT
Zambrotta,@ADVL
igas,@NN>
Itaalia,@NN>
mängus,@NN>
algusest,@NN>
lõpuni,@ADVL
.,xxx
"
"
Hitleri,@NN>
Kolmas,@AN>
Reich,@SUBJ
oli,@FCV
nüüdseks,@ADVL
kahanenud,ROOT
mõne,@NN>
ruutkilomeetri,@NN>
suuruseks,@OBJ
Berliini,@P>
keskele,@<KN
.,xxx
"
"
Jaan,@NN>
Leesment,@SUBJ
on,@FCV
maetud,ROOT
Pärnusse,@NN>
Alevi,@NN>
kalmistule,@OBJ
.,xxx
"
"
Lauri,@NN>
Aus,@SUBJ
oli,ROOT
10-kordne,@AN>
Eesti,@NN>
meister,@PRD
.,xxx
"
"
Kaitseliidu,@NN>
Tallinna,@NN>
maleva,@NN>
pealik,@ADVL
on,ROOT
kolonelleitnant,@NN>
Lauri,@NN>
Abel,@SUBJ
.,xxx
"
"
Kas,@ADVL
Nõmme,@P>
all,@ADVL
on,@FCV
mõeldud,ROOT
Nõmme,@NN>
asumit,@ADVL
või,@J
Nõmme,@NN>
linnaosa,@ADVL
?,xxx
"
"
Neeme,@NN>
Raud,@ADVL
pälvis,ROOT
Valdo,@NN>
Pandi,@SUBJ
nimelise,@AN>
ajakirjanduspreemia,@OBJ
.,xxx
"
"
Kõrgõzstan,@NN>
Vene,@NN>
keelel,@SUBJ
on,ROOT
riigis,@ADVL
ametliku,@AN>
keele,@NN>
staatus,@PRD
",",xxx
riigikeeleks,@SUBJ
on,@FMV
kirgiisi,@NN>
keel,@PRD
.,xxx
"
"
Ema,@NN>
Michele,@SUBJ
töötas,ROOT
kindlustuses,@ADVL
.,xxx
"
"
Helmut,@NN>
Oruvee,@SUBJ
on,ROOT
minu,@P>
jaoks,@ADVL
piiri,@P>
peal,@ADVL
",",xxx
kuid,@J
pigem,@ADVL
jätaksin,@FMV
sisse,@Vpart
.,xxx
"
"
Tallinna,@NN>
Toomkirik,@SUBJ
kuulus,ROOT
algul,@ADVL
katoliiklastele,@ADVL
",",xxx
järelikult,@ADVL
omab,@FMV
ka,@DN>
katoliiklaste,@P>
jaoks,@ADVL
tähtsust,@OBJ
.,xxx
"
"
Pärast,@ADVL
Liivi,@NN>
sõda,@<P
olid,ROOT
Eesti,@NN>
alad,@ADVL
jaotatud,@AN>
Poola,@SUBJ
",",xxx
Rootsi,@SUBJ
ja,@J
Taani,@P>
vahel,@ADVL
.,xxx
"
"
Eduard,@NN>
Kutsar,@SUBJ
suri,ROOT
1970.,@AN>
aastal,@ADVL
",",xxx
ta,@SUBJ
maeti,@FMV
Elva,@NN>
metsakalmistule,@OBJ
.,xxx
"
"
Elizabeth,@NN>
Taylor,@SUBJ
sündis,ROOT
27.,@AN>
veebruaril,@ADVL
1932.,@AN>
aastal,@ADVL
Londonis,@ADVL
.,xxx
"
"
Kersti,@NN>
Kaljulaid,@SUBJ
sündis,ROOT
30.,@AN>
detsembril,@ADVL
1969,@<NN
Tartus,@ADVL
.,xxx
"
"
Nõukogude,@NN>
Liidu,@NN>
õhujõud,@SUBJ
tegid,ROOT
1944.,@AN>
aasta,@NN>
veebruaris-märtsis,@ADVL
korduvalt,@ADVL
õhurünnakuid,@OBJ
Tartule,@ADVL
.,xxx
"
"
Paul,@NN>
Pinna,@NN>
tänaval,@SUBJ
asub,ROOT
Paepealse,@NN>
raamatukogu,@ADVL
",",xxx
Laagna,@NN>
lasteaed,@ADVL
.,xxx
"
"
Rahvusooperis,@NN>
Estonia,@SUBJ
esitas,ROOT
Vello,@NN>
Jürna,@ADVL
üle,@Vpart
30,@OBJ
rolli,@<Q
.,xxx
"
"
Belgias,@NN>
Brüsselis,@SUBJ
algas,ROOT
NATO,@NN>
kaitseministrite,@ADVL
kahepäevane,@AN>
kohtumine,@OBJ
",",xxx
mille,@NN>
keskseks,@AN>
teemaks,@ADVL
on,@FMV
NATO,@NN>
sügisese,@AN>
tippkohtumise,@NN>
ettevalmistamine,@SUBJ
.,xxx
"
"
Villem,@NN>
Reiman,@SUBJ
ei,@NEG
saa,@FCV
olla,ROOT
Stalini,@NN>
preemia,@NN>
laureaat,@PRD
.,xxx
"
"
Kas,@ADVL
Vironia,@NN>
jne,@SUBJ
pole,ROOT
mitte,@DN>
Virumaa,@SUBJ
?,xxx
"
"
Endel,@NN>
Siff,@SUBJ
on,@FCV
väitnud,ROOT
et,@J
tuleval,@AN>
aastal,@ADVL
valmistatakse,@FMV
ÜLE,@ADVL
9000,@<P
sellise,@NN>
toote,@<Q
.,xxx
"
"
Millisest,@NN>
Kõnnu,@NN>
mõisast,@SUBJ
on,ROOT
siin,@ADVL
jutt,@PRD
?,xxx
"
"
Rootsi,@NN>
Akadeemia,@SUBJ
asutati,ROOT
kuningas,@NN>
Gustav,@NN>
III,@P>
poolt,@ADVL
aastal,@ADVL
1786,@OBJ
Prantsuse,@NN>
Akadeemia,@<Q
eeskujul,@ADVL
.,xxx
"
"
New,@NN>
Yorgi,@NN>
paraad,@ADVL
on,ROOT
tänini,@ADVL
üks,@NN>
maailma,@NN>
suuremaid,@AN>
püha,@NN>
Patricku,@NN>
päeva,@NN>
pidustusi,@SUBJ
.,xxx
"
"
Euroopa,@NN>
Liidus,@ADVL
kannavad,ROOT
need,@SUBJ
nime,@NN>
peadirektoraat,@OBJ
.,xxx
"
"
Enamik,@SUBJ
Poola,@NN>
aadlist,@<NN
lükkas,ROOT
selle,@OBJ
tagasi,@Vpart
.,xxx
"
"
Kas,@ADVL
Päite,@NN>
küla,@SUBJ
kuulub,ROOT
tervikuna,@SUBJ
sellesse,@NN>
kaitsealasse,@ADVL
?,xxx
"
"
Kui,@J
Truffaut,@SUBJ
oli,ROOT
kümneaastane,@PRD
",",xxx
vanaema,@SUBJ
suri,@FMV
ja,@J
poiss,@SUBJ
läks,@FMV
tagasi,@Vpart
vanemate,@P>
juurde,@ADVL
.,xxx
"
"
Kas,@ADVL
Litzmann,@SUBJ
oli,ROOT
tõesti,@ADVL
14-aastane,@PRD
",",xxx
kui,@J
ta,@SUBJ
poeg,@SUBJ
Walter,@ADVL
sündis,@FMV
?,xxx
"
"
Lätis,@NN>
Riias,@SUBJ
algas,ROOT
Euroopa,@NN>
Liidu,@NN>
välisministrite,@ADVL
kahepäevane,@AN>
mitteametlik,@AN>
kohtumine,@OBJ
",",xxx
mille,@NN>
keskseks,@AN>
teemaks,@SUBJ
on,@FMV
julgeolekupoliitika,@NN>
küsimused,@PRD
.,xxx
"
"
Millal,@ADVL
Iiob,@NN>
ametisse,@OBJ
valiti,ROOT
ja,@J
pühitseti,@FMV
",",xxx
ei,@NEG
olegi,@FMV
täpselt,@ADVL
teada,@FMV
.,xxx
"
"
Hertsog,@NN>
Karl,@SUBJ
viibis,ROOT
samal,@NN>
ajal,@ADVL
Rootsis,@ADVL
",",xxx
kus,@ADVL
tegeles,@FMV
uute,@AN>
vägede,@NN>
värbamisega,@SUBJ
.,xxx
"
"
Artikkel,@NN>
Lüllemäe,@SUBJ
ütleb,ROOT
",",xxx
et,@J
seal,@ADVL
on,@FMV
neli,@PRD
ajaloolist,@AN>
kalmistut,@<Q
.,xxx
"
"
Kui,@J
Joller,@SUBJ
saab,@FCV
purjuspäi,@DN>
etendusele,@NN>
ilmumise,@P>
eest,@KN>
käskkirja,@ADVL
",",xxx
siis,@ADVL
esitab,ROOT
ta,@SUBJ
lahkumisavalduse,@OBJ
.,xxx
"
"
Pärast,@ADVL
Tacitust,@<P
vaikivad,ROOT
allikad,@ADVL
neist,@ADVL
kuni,@J
ligikaudu,@ADVL
6.,@AN>
sajandini,@ADVL
.,xxx
"
"
Rahvaste,@NN>
Ühenduse,@NN>
mängud,@SUBJ
toimusid,ROOT
Inglismaal,@NN>
Manchesteris,@ADVL
.,xxx
"
"
Andres,@NN>
Ülviste,@SUBJ
on,@FCV
lõpetanud,ROOT
Tartu,@NN>
Ülikooli,@NN>
õigusteaduse,@NN>
erialal,@ADVL
1993.,@AN>
aastal,@ADVL
.,xxx
"
"
Denver,@NN>
Nuggets,@SUBJ
on,ROOT
USA,@NN>
korvpalliklubi,@PRD
",",xxx
mis,@SUBJ
mängib,@FMV
korvpalliliigas,@OBJ
NBA,@ADVL
.,xxx
"
"
Orlando,@NN>
Magic,@SUBJ
on,ROOT
USA,@NN>
korvpalliklubi,@PRD
",",xxx
mis,@SUBJ
mängib,@FMV
korvpalliliigas,@OBJ
NBA,@ADVL
.,xxx
"
"
Nikolai,@NN>
Uspenski,@SUBJ
lõpetas,ROOT
1969.,@AN>
aastal,@ADVL
Moskva,@NN>
Riikliku,@AN>
Rahvusvaheliste,@AN>
Suhete,@NN>
Instituudi,@OBJ
.,xxx
"
"
Riigi,@NN>
Teatajas,@ADVL
avaldatud,@AN>
seaduse,@P>
järgi,@ADVL
oli,ROOT
see,@SUBJ
Riikliku,@AN>
Propaganda,@NN>
Talitus,@ADVL
.,xxx
"
"
Francis,@NN>
Lai,@SUBJ
võitis,ROOT
filmi,@NN>
muusikaga,@OBJ
Oscari,ROOT
ja,@J
Kuldgloobuse,@SUBJ
.,xxx
"
"
Annika,@NN>
Vendik,@SUBJ
lõpetas,ROOT
1991.,@AN>
aastal,@ADVL
Tartu,@NN>
Ülikooli,@NN>
õigusteaduse,@NN>
erialal,@OBJ
.,xxx
"
"
Vastusena,@NN>
Soome,@NN>
sammule,@ADVL
kutsus,ROOT
Serbia,@SUBJ
oma,@NN>
suursaadiku,@ADVL
Soomes,@NN>
koju,@NN>
konsultatsioonidele,@ADVL
.,xxx
"
"
Urmas,@NN>
Sõõrumaa,@SUBJ
on,@FCV
lõpetanud,ROOT
Hageri,@NN>
algkooli,@OBJ
ja,@J
Kohila,@NN>
keskkooli,@OBJ
.,xxx
"
"
Tiit,@NN>
Leito,@NN>
abikaasa,@ADVL
on,ROOT
Karin,@NN>
Poola,@SUBJ
.,xxx
"
"
Esta,@NN>
Tallinn,@SUBJ
oli,ROOT
Tallinnas,@ADVL
asuv,@AN>
endine,@AN>
Eesti,@NN>
jalgpalliklubi,@PRD
.,xxx
"
"
Sirje,@NN>
Kivimäe,@SUBJ
on,ROOT
ajaloolase,@NN>
Jüri,@NN>
Kivimäe,@NN>
abikaasa,@PRD
.,xxx
"
"
Veljo,@NN>
Tormise,@NN>
abikaasa,@ADVL
oli,ROOT
Lea,@NN>
Tormis,@SUBJ
.,xxx
"
"
Arvo,@NN>
Mõttus,@SUBJ
sai,ROOT
hõbeda,@ADVL
.,xxx
"
"
Ago,@NN>
Neo,@SUBJ
sai,ROOT
pronksi,@ADVL
.,xxx
"
"
Tauno,@NN>
Võhmar,@SUBJ
oli,ROOT
vallavanem,@PRD
.,xxx
"
"
Easy,@NN>
Company,@SUBJ
on,ROOT
hüüdnimi,@PRD
.,xxx
"
"
Peter,@NN>
Ustinov,@SUBJ
oli,ROOT
oma,@NN>
prantsuse,@AN>
päritolu,@NN>
kunstnikust,@NN>
ema,@PRD
ja,@J
vene,@AN>
päritolu,@NN>
ajakirjanikust,@ADVL
isa,@NN>
ainus,@AN>
poeg,@PRD
.,xxx
"
"
Dmitri,@NN>
Koldun,@SUBJ
on,ROOT
artikkel,@PRD
.,xxx
"
"
Esimesena,@ADVL
Eestis,@ADVL
kehtestati,ROOT
üritustel,@NN>
dresscode,@SUBJ
",",xxx
mis,@SUBJ
on,@FMV
nüüd,@ADVL
kasutusel,@ADVL
ka,@DN>
teistel,@NN>
üritustel,@ADVL
ja,@J
ööklubides,@ADVL
.,xxx
"
"
Thomas,@NN>
Hobbesi,@P>
järgi,@ADVL
on,ROOT
poliitiline,@AN>
autoriteet,@SUBJ
nii,@DN>
ulatuse,@ADVL
kui,@J
ka,@ADVL
sisu,@P>
poolest,@ADVL
piiramatu,@PRD
.,xxx
"
"
Artiklis,@NN>
Vabaduse,@NN>
väljak,@SUBJ
on,ROOT
sellest,@NN>
jutt,@PRD
ning,@J
sealt,@ADVL
tuleb,@FMV
siia,@ADVL
viidata,@SUBJ
.,xxx
"
"
Eesti,@NN>
Metodisti,@AN>
Kirikusse,@SUBJ
kuulub,ROOT
28,@ADVL
kogudust,@<Q
",",xxx
millel,@ADVL
on,@FMV
kokku,@Vpart
umbes,@ADVL
1800,@SUBJ
liiget,@<Q
.,xxx
"
"
Oskar,@NN>
Kallas,@ADVL
nimetati,ROOT
1918,@SUBJ
Eesti,@NN>
saadikuks,@<Q
Helsingis,@ADVL
.,xxx
"
"
Jaan,@NN>
Undusk,@SUBJ
töötab,ROOT
Underi,@NN>
ja,@J
Tuglase,@NN>
Kirjanduskeskuse,@NN>
direktorina,@ADVL
.,xxx
"
"
Kuigi,@J
Zarja,@SUBJ
ehitas,ROOT
Vene,@NN>
ettevõte,@OBJ
",",xxx
kuulub,@FMV
moodul,@NN>
Ameerika,@NN>
Ühendriikidele,@SUBJ
.,xxx
"
"
Kas,@ADVL
Revalia,@SUBJ
on,ROOT
Rävala,@SUBJ
?,xxx
"
"
Artiklis,@NN>
Lühhike,@NN>
öppetus,@SUBJ
on,ROOT
teistsugune,@NN>
jutt,@PRD
.,xxx
"
"
Ibn,@SUBJ
Sina,@P>
järgi,@ADVL
on,ROOT
maailm,@SUBJ
igavene,@PRD
ning,@J
allub,@FMV
vääramatule,@AN>
põhjuslikkuse,@NN>
seadusele,@ADVL
.,xxx
"
"
Enne,@ADVL
Nobeli,@NN>
auhinna,@NN>
saamist,@<P
oli,ROOT
tema,@NN>
looming,@P>
väljaspool,@ADVL
saksa,@NN>
keeleruumi,@NN>
vähetuntud,@SUBJ
.,xxx
"
"
Tütar,@NN>
Imbi,@SUBJ
oli,ROOT
keraamik,@PRD
ja,@J
kunstipedagoog,@PRD
.,xxx
"
"
Segapaarismängus,@NN>
Hiina,@SUBJ
ei,@NEG
osalenud,ROOT
vastava,@AN>
tasemega,@NN>
meestennisisti,@NN>
puudumise,@P>
tõttu,@ADVL
.,xxx
"
"
Peale,@ADVL
Munki,@NN>
juhtumit,@<P
hakati,@FMV
välisriigi,@NN>
okupantidele,@ADVL
osutama,ROOT
ulatuslikku,@AN>
vastupanu,@SUBJ
.,xxx
"
"
Kuningas,@NN>
Birendra,@SUBJ
oli,ROOT
hoolimata,@ADVL
oma,@NN>
vastuolulisusest,@ADVL
rahva,@P>
seas,@ADVL
väga,@ADVL
armastatud,@PRD
.,xxx
"
"
Marvi,@NN>
Vallaste,@SUBJ
valiti,ROOT
parimaks,@AN>
uueks,@AN>
muusikuks,@ADVL
.,xxx
"
"
Rootsi,@NN>
Kirikust,@SUBJ
sai,ROOT
lõplikult,@ADVL
luterlik,@AN>
rahvakirik,@OBJ
.,xxx
"
"
Kolmas,@AN>
Moosese,@NN>
raamat,@SUBJ
kirjeldab,ROOT
patuoinast,@OBJ
.,xxx
"
"
Näiteks,@ADVL
Tšiilit,@ADVL
iseloomustab,ROOT
aktiivse,@AN>
vulkaanilise,@AN>
kaare,@SUBJ
tektooniline,@AN>
režiim,@OBJ
.,xxx
"
"
Uus,@AN>
Testament,@NN>
tervikuna,@ADVL
tõlgiti,ROOT
lõunaeesti,@AN>
keelde,@SUBJ
1686.,@AN>
aastaks,@ADVL
.,xxx
"
"
Püha,@AN>
Lunastaja,@NN>
kirik,@SUBJ
on,ROOT
renessanss-stiilis,@NN>
kolmelööviline,@AN>
basiilika,@PRD
.,xxx
"
"
Kapten,@NN>
Irv,@SUBJ
käsutas,ROOT
mind,@OBJ
ühte,@ADVL
aparaati,@OBJ
kaasa,@Vpart
võtma,@ADVL
ja,@J
temaga,@ADVL
ühes,@NN>
jaama,@ADVL
tulema,@FMV
.,xxx
"
"
Estonian,@NN>
Air,@SUBJ
suurendas,ROOT
lendude,@NN>
arvu,@OBJ
Tallinna,@P>
ja,@J
Moskva,@P>
vahel,@ADVL
neljale,@ADVL
korrale,@<Q
nädalas,@ADVL
",",xxx
lisades,@ADVL
neljapäevased,@AN>
lennud,@OBJ
.,xxx
"
"
Neeme,@NN>
Suur,@SUBJ
on,ROOT
Kaitseliidu,@PRD
Lääne,@NN>
maleva,@ADVL
Risti,@NN>
malevkonna,@NN>
liige,@PRD
1992.,@AN>
aastast,@ADVL
.,xxx
"
"
Kreekas,@NN>
Korful,@ADVL
toimunud,@AN>
tippkohtumisel,@SUBJ
leppisid,ROOT
NATO,@NN>
ja,@J
Venemaa,@NN>
välisministrid,@ADVL
kokku,@Vpart
koostöö,@NN>
jätkamises,@ADVL
.,xxx
"
"
Sun,@NN>
Bin,@SUBJ
lükkas,ROOT
selle,@NN>
plaani,@OBJ
tagasi,@Vpart
.,xxx
"
"
Artikli,@NN>
Ilmre,@P>
järgi,@ADVL
see,@NN>
ajakiri,@OBJ
enam,@ADVL
ei,@NEG
ilmu,ROOT
.,xxx
"
"
Alfred,@NN>
Nobel,@SUBJ
oli,ROOT
kuni,@ADVL
surmani,@<P
selle,@NN>
ettevõtte,@NN>
juhatuse,@NN>
auesimees,@PRD
.,xxx
"
"
Rakvere,@NN>
Linna,@NN>
Algkool,@ADVL
otsustati,@ADVL
avada,ROOT
Lääne-Viru,@NN>
Maavalitsuse,@SUBJ
30.,@AN>
aprilli,@NN>
1992.,@AN>
a,@<NN
.,xxx
"
"
Kapten,@NN>
Rotschild,@SUBJ
teeniski,ROOT
kuni,@ADVL
Vabadussõja,@NN>
lõpuni,@NN>
ülemjuhataja,@NN>
staabi,@NN>
kantselei,@NN>
ülemana,@<P
.,xxx
"
"
Noor,@AN>
Bosnia,@SUBJ
ei,@NEG
olnud,ROOT
selgepiiriline,@AN>
organisatsioon,@PRD
",",xxx
vaid,@J
mässuline,@AN>
noorsooliikumine,@PRD
.,xxx
"
"
Marshalli,@NN>
Saared,@ADVL
asuvad,ROOT
Vaikse,@AN>
ookeani,@NN>
lääneosas,@SUBJ
ekvaatori,@P>
lähistel,@ADVL
.,xxx
"
"
Kõnnu,@NN>
Suursoo,@ADVL
jääb,ROOT
Põhja-Kõrvemaa,@NN>
looduskaitseala,@NN>
territooriumile,@ADVL
.,xxx
"
"
Vastloodud,@AN>
Slovaki,@NN>
vabariigi,@NN>
väed,@ADVL
tungisid,ROOT
Poola,@NN>
lõunaossa,@SUBJ
.,xxx
"
"
Kas,@ADVL
Särevere,@NN>
hoonestus,@SUBJ
on,ROOT
mõlemal,@P>
pool,@ADVL
Prandi,@NN>
jõge,@SUBJ
?,xxx
"
"
Nõukogude,@NN>
Liidus,@ADVL
võeti,ROOT
suurmeistri,@NN>
aunimetus,@NN>
kasutusele,@ADVL
1927.,@AN>
aastal,@ADVL
.,xxx
"
"
Kahes,@SUBJ
Port,@NN>
Arturi,@NN>
majas,@<Q
pakuvad,ROOT
oma,@NN>
kaupa,@OBJ
ja,@J
teenuseid,@OBJ
kokku,@ADVL
üle,@ADVL
90,@<P
erineva,@AN>
ettevõtte,@<Q
.,xxx
"
"
Vaino,@ADVL
Väljas,@ADVL
oli,ROOT
ka,@DN>
NSV,@NN>
Liidu,@NN>
Ülemnõukogu,@NN>
VII–IX,@NN>
koosseisu,@P>
saadik,@ADVL
.,xxx
"
"
Merivälja,@NN>
Aedlinna,@NN>
Selts,@SUBJ
taastati,ROOT
2000.,@AN>
aastal,@ADVL
.,xxx
"
"
Usuelu,@NN>
Suigu,@NN>
palvelas,@SUBJ
katkes,ROOT
1963.,@AN>
aasta,@NN>
8.,@AN>
septembri,@NN>
koosolekuga,@ADVL
.,xxx
"
"
Vanal,@NN>
Andresel,@SUBJ
aga,@J
pole,ROOT
enam,@ADVL
uues,@AN>
maailmas,@P>
kohta,@ADVL
ja,@J
ta,@SUBJ
on,@FMV
justkui,@J
elav,@AN>
mälestus,@SUBJ
.,xxx
"
"
Peamiselt,@ADVL
Xetra,@P>
kaudu,@ADVL
avati,ROOT
Saksamaa,@NN>
turg,@OBJ
välisinvestoritele,@ADVL
ja,@J
47,@OBJ
%,@<Q
börsil,@<Q
osalejast,@ADVL
on,@FMV
välismaised,@PRD
.,xxx
"
"
Pärast,@ADVL
Heine,@NN>
surma,@<P
muutus,ROOT
vaidlus,@SUBJ
tema,@P>
üle,@<KN
isegi,@ADVL
teravamaks,@ADVL
–,xxx
ning,@J
kestis,@FMV
rohkem,@ADVL
kui,@J
sajandi,@ADVL
.,xxx
"
"
Tänases,@AN>
Aravete,@NN>
Keskkooli,@NN>
hoones,@ADVL
on,ROOT
võimalik,@PRD
õppida,@SUBJ
540,@NN>
õpilasel,@ADVL
.,xxx
"
"
Merle,@NN>
Jääger,@SUBJ
pidas,ROOT
näiteks,@ADVL
pikka,@AN>
aega,@OBJ
rotti,@ADVL
",",xxx
mõni,@SUBJ
toidab,@FMV
ämblikku,@ADVL
",",xxx
jne,@ADVL
.,xxx
"
"
Tulirelvi,@NN>
Juudi,@NN>
Geto,@NN>
Politseil,@SUBJ
ei,@NEG
olnud,ROOT
.,xxx
"
"
Meistrite,@NN>
Liigas,@SUBJ
langeti,ROOT
veerandfinaalis,@NN>
Madridi,@AN>
Atlético,@P>
vastu,@ADVL
.,xxx
"
"
Läbi,@ADVL
Nõo,@<P
kulgeb,ROOT
1887.,@AN>
aastal,@ADVL
valminud,@AN>
laiarööpmelise,@AN>
Tartu-Valga,@NN>
raudtee,@SUBJ
.,xxx
"
"
Lennart-Georg,@NN>
Meri,@SUBJ
sai,ROOT
52,@ADVL
ja,@J
Arnold,@NN>
Rüütel,@ADVL
32,@ADVL
häält,@<Q
.,xxx
"
"
Eestis,@NN>
Valgamaal,@SUBJ
kiitis,ROOT
Helme,@NN>
vallavolikogu,@P>
heaks,@ADVL
Tõrva,@NN>
linnavolikogu,@NN>
ettepaneku,@OBJ
alustada,@FMV
läbirääkimisi,@ADVL
kahe,@ADVL
omavalitsuse,@<Q
ühinemiseks,@ADVL
.,xxx
"
"
Kuigi,@J
Egiptus,@SUBJ
sai,ROOT
1922,@SUBJ
iseseisvaks,@AN>
",",xxx
jäid,@AN>
Briti,@NN>
väed,@NN>
Egiptusse,ROOT
kuni,ROOT
1956.,@AN>
aastani,@<P
.,xxx
"
"
Kas,@ADVL
Suurgildi,@OBJ
kuulusid,ROOT
ka,@DN>
literaatidest,@NN>
rae,@NN>
liikmed,@SUBJ
?,xxx
"
"
Islami,@NN>
Džihaadi,@NN>
Ühendus,@SUBJ
asutati,ROOT
2002,@ADVL
",",xxx
väidetavalt,@ADVL
Usbekistani,@AN>
salateenistuse,@P>
poolt,@ADVL
.,xxx
"
"
Püha,@AN>
Ameti,@NN>
loomine,@SUBJ
oli,ROOT
osa,@PRD
katoliku,@AN>
kiriku,@NN>
reaktsioonist,@<NN
16.,@AN>
sajandi,@NN>
protestantlikule,@AN>
reformatsioonile,@ADVL
.,xxx
"
"
Vägev,@AN>
Kotkas,ROOT
saabub,ROOT
ka,@ADVL
mune,@OBJ
päästma,@SUBJ
",",xxx
olles,@ADVL
eelnevaid,@AN>
sündmusi,@P>
läbi,@ADVL
oma,@NN>
binokli,@ADVL
vaadanud,ROOT
.,xxx
"
"
Ülo,@NN>
Sooster,@SUBJ
leiti,ROOT
surnult,@ADVL
oma,@NN>
ateljeest,@OBJ
.,xxx
"
"
Jaagup,@NN>
Kreem,@SUBJ
pidas,ROOT
seda,@OBJ
üheks,@ADVL
paremaks,@ADVL
looks,@FMV
kassetil,@SUBJ
.,xxx
"
"
Hiljem,@ADVL
Pariisis,@ADVL
töötades,@ADVL
dekoreeris,ROOT
ta,@SUBJ
eravalduses,@ADVL
olevaid,@AN>
mõisaid,@OBJ
.,xxx
"
"
Suure,@AN>
Paugu,@NN>
teooria,@SUBJ
on,ROOT
tänapäeva,@NN>
teaduslikus,@AN>
kosmoloogias,@NN>
valdav,@AN>
teooria,@PRD
Universumi,@NN>
varajasest,@AN>
arengust,@ADVL
.,xxx
"
"
Roy,@NN>
Orbisoni,@NN>
surmaga,@SUBJ
kaotas,ROOT
aga,@J
projekt,@OBJ
palju,@ADVL
ja,@J
pärast,@ADVL
veel,@ADVL
üht,@NN>
albumit,@SUBJ
mindi,@FMV
laiali,@ADVL
.,xxx
"
"
Niimoodi,@ADVL
Urmas,@ADVL
seda,@OBJ
seletas,ROOT
ja,@J
sellest,@ADVL
me,@<NN
oleme,@FCV
kinni,@Vpart
pidanud,@IMV
.,xxx
"
"
Indrek,@NN>
Tiigi,@SUBJ
on,ROOT
Eesti,@NN>
Arhitektide,@NN>
Liidu,@NN>
liige,@PRD
.,xxx
"
"
Jüri,@NN>
Ratas,@SUBJ
osaleb,ROOT
Juhan,@NN>
Smuuli,@NN>
kuju,@NN>
taasavamisel,@ADVL
Muhus,@ADVL
.,xxx
"
"
Korvpalliklubi,@NN>
Tallinna,@NN>
Kalev,@SUBJ
on,ROOT
Eesti,@NN>
korvpalliklubi,@PRD
Tallinnas,@ADVL
.,xxx
"
"
Väljaspool,@ADVL
Venemaad,@<P
leidub,ROOT
kogudusi,@SUBJ
veel,@ADVL
Valgevenes,@SUBJ
",",xxx
Leedus,@SUBJ
",",xxx
Šveitsis,@SUBJ
",",xxx
Austrias,@SUBJ
ja,@J
Saksamaal,@SUBJ
.,xxx
"
"
Ahto,@NN>
Vesmes,@SUBJ
sündis,ROOT
Tartus,@ADVL
.,xxx
"
"
Karl,@NN>
Talpak,@SUBJ
sündis,ROOT
Rakveres,@ADVL
.,xxx
"
"
Jüri,@NN>
Takjas,@SUBJ
sündis,ROOT
Rakveres,@ADVL
.,xxx
"
"
Baccarat,@NN>
Banque,@NN>
mängus,@ADVL
on,ROOT
pankuri,@NN>
positsioon,@SUBJ
palju,@ADVL
kindlam,@PRD
.,xxx
"
"
Arabia,@NN>
Terra,@NN>
aladel,@SUBJ
leidub,ROOT
mitmeid,@NN>
huvitavaid,@AN>
pinnavorme,@ADVL
.,xxx
"
"
Aaro,@NN>
Aedviir,@SUBJ
tõusis,ROOT
tipule,@ADVL
teist,@AN>
korda,@ADVL
.,xxx
"
"
Arvo,@NN>
Valtonil,@SUBJ
on,ROOT
tõenäoliselt,@ADVL
mitmeid,@NN>
kirjandusauhindu,@PRD
?,xxx
"
"
Ilja,@NN>
Repin,@SUBJ
on,ROOT
mõjukamaid,@PRD
kriitilise,@AN>
realismi,@NN>
esindajaid,@ADVL
.,xxx
"
"
Heete,@NN>
Sahkai,@SUBJ
on,@FCV
avaldanud,ROOT
tõlkeid,@OBJ
prantsuse,@AN>
keelest,@ADVL
eesti,@AN>
keelde,@OBJ
.,xxx
"
"
Carlo,@NN>
Collodi,@NN>
isa,@SUBJ
oli,ROOT
kokk,@NN>
ja,@J
ema,@NN>
majateenija,@PRD
.,xxx
"
"
Ekspress,@NN>
Hotline,@SUBJ
pakkus,ROOT
ka,@DN>
kõnekeskuse,@NN>
teenuseid,@OBJ
.,xxx
"
"
Els,@NN>
Himmal,@SUBJ
on,ROOT
kaks,@PRD
tütart,@<Q
.,xxx
"
"
Erich,@NN>
Apel,@SUBJ
oli,ROOT
pärit,@ADVL
töölisperekonnast,@PRD
.,xxx
"
"
Freedom,@NN>
House,@SUBJ
on,ROOT
mittetulunduslik,@AN>
organisatsioon,@PRD
.,xxx
"
"
Maiko,@NN>
Tammel,@SUBJ
on,ROOT
tugevad,@AN>
kompleksid,@PRD
.,xxx
"
"
Tartu,@NN>
Ülikooli,@ADVL
immatrikuleeriti,ROOT
ta,@SUBJ
1639.,@AN>
aastal,@ADVL
.,xxx
"
"
Jakub,@NN>
Berman,ROOT
oli,ROOT
pärit,@ADVL
keskklassi,@ADVL
kuulunud,@AN>
juudi,@NN>
perekonnast,@PRD
.,xxx
"
"
Jaak,@NN>
Ümarik,@SUBJ
oli,ROOT
Üliõpilasselts,@NN>
Liivika,@NN>
liige,@PRD
.,xxx
"
"
Friedrich,@NN>
Nietzsche,@SUBJ
pidas,ROOT
ristiusu,@NN>
jumalat,@OBJ
haletsusväärseks,@AN>
absurdiks,@NN>
ja,@J
kuritööks,@NN>
elu,@P>
vastu,@<KN
.,xxx
"
"
Ajaloolise,@NN>
Kraini,@NN>
piirkonna,@NN>
piirid,@SUBJ
muutusid,ROOT
läbi,@ADVL
sajandite,@<P
.,xxx
"
"
Soome,@NN>
Eduskund,@SUBJ
kiitis,ROOT
heaks,@ADVL
kahe,@OBJ
uue,@AN>
tuumaelektrijaama,@<Q
rajamise,@ADVL
.,xxx
"
"
Veenus,@NN>
Neitsi,@NN>
märgis,@ADVL
viitab,ROOT
tagasihoidlikkusele,@NN>
tunnete,@NN>
väljendamisel,@SUBJ
.,xxx
"
"
Mitsubishi,@NN>
Motors,@SUBJ
on,@FCV
aktiivselt,@ADVL
osalenud,ROOT
autospordis,@ADVL
.,xxx
"
"
Maud,@NN>
Carnegie,@SUBJ
ei,@NEG
täitnud,ROOT
kuninglikke,@AN>
kohustusi,@OBJ
.,xxx
"
"
Mart,@NN>
Siliksaar,@SUBJ
juhendab,ROOT
mitut,@NN>
treeninggruppi,@OBJ
ja,@J
lapsi,@OBJ
.,xxx
"
"
Markus,@NN>
Hess,@SUBJ
on,ROOT
aktiivne,@AN>
poliitik,@PRD
ja,@J
ühiskonnategelane,@PRD
.,xxx
"
"
Margo,@NN>
Kõlar,@SUBJ
tegutseb,ROOT
ka,@DN>
koorijuhina,@ADVL
.,xxx
"
"
Louise,@NN>
Duff,@SUBJ
on,ROOT
kõige,@ADVL
loogilisem,@PRD
.,xxx
"
"
Platon,@NN>
Zubov,@SUBJ
rajas,ROOT
parki,@ADVL
ka,@DN>
paisjärve,@OBJ
.,xxx
"
"
PlayStation,@NN>
Move,@SUBJ
on,@FCV
saanud,ROOT
positiivset,@AN>
vastukaja,@ADVL
.,xxx
"
"
Oskar,@NN>
Raunam,@SUBJ
oli,ROOT
pottsepa,@NN>
poeg,@PRD
.,xxx
"
"
Olmo,@NN>
Gentile,@SUBJ
on,ROOT
provintsi,@NN>
väikseima,@AN>
elanike,@NN>
arvuga,@NN>
omavalitsusüksus,@PRD
.,xxx
"
"
Henrik,@NN>
Ibsenit,@SUBJ
peetakse,ROOT
üheks,@NN>
maailma,@NN>
suuremaks,@AN>
näitekirjanikuks,@OBJ
ja,@J
suurimaks,@AN>
realistiks,@NN>
näitekirjanduses,@ADVL
.,xxx
"
"
Priit,@NN>
Ligi,@NN>
artiklis,@ADVL
pole,@FCV
täisnimesid,@ADVL
toodud,ROOT
.,xxx
"
"
Silja,@NN>
Grünberg,@SUBJ
on,ROOT
eesti,@AN>
keeleteadlane,@PRD
.,xxx
"
"
Umberto,@NN>
Eco,@SUBJ
on,@FCV
teinud,ROOT
semiootika,@OBJ
laiemalt,@ADVL
tuntuks,@ADVL
.,xxx
"
"
Üle,@ADVL
Rio,@NN>
Branco,@<P
on,@FCV
ehitatud,ROOT
üksainus,@AN>
sild,@OBJ
.,xxx
"
"
Rabi,@NN>
Šimon,@SUBJ
veetis,ROOT
niiviisi,@ADVL
koopas,@ADVL
12,@ADVL
aastat,@<Q
.,xxx
"
"
Xabi,@NN>
Alonsol,@SUBJ
on,ROOT
kaks,@PRD
venda,@<Q
.,xxx
"
"
Winny,@NN>
Puhh,@SUBJ
ajab,ROOT
udu,@OBJ
ja,@J
teeb,@FMV
uut,@AN>
plaati,@OBJ
.,xxx
"
"
Veeteede,@NN>
Talitus,@SUBJ
eksisteeris,ROOT
kuni,@ADVL
nõukogude,@NN>
valitsusasutuste,@NN>
loomiseni,@<P
.,xxx
"
"
Meie,@NN>
Kodu,@SUBJ
on,ROOT
1949.,@AN>
aastast,@NN>
Sydney,@NN>
Eesti,@NN>
Seltsi,@NN>
väljaantav,@AN>
Austraalia,@NN>
eestlaste,@NN>
nädalaleht,@PRD
.,xxx
"
"
Euroopa,@NN>
Liit,@SUBJ
on,@FCV
mõisakompleksi,@NN>
restaureerimiseks,@ADVL
eraldanud,ROOT
kokku,@ADVL
"19,5",@OBJ
miljonit,@<Q
litti,@<Q
.,xxx
"
"
Urmas,@NN>
Mikk,@SUBJ
suri,ROOT
15.,@AN>
jaanuaril,@ADVL
1999,@<NN
ja,@J
ta,@SUBJ
maeti,@FMV
23.,@AN>
jaanuaril,@ADVL
1999,@<NN
Metsakalmistule,@ADVL
.,xxx
"
"
Ave,@NN>
Alavainu,@SUBJ
on,ROOT
ainus,@PRD
ja,@J
viimane,@PRD
oma,@NN>
perekonnanime,@NN>
kandja,@ADVL
Eestis,@ADVL
ja,@J
tõenäoliselt,@DN>
ka,@DN>
kogu,@AN>
maailmas,@ADVL
.,xxx
"
"
Afganistanis,@NN>
Kabulis,@NN>
matuste,@P>
ajal,@ADVL
toimunud,@AN>
enesetapurünnakus,@ADVL
sai,ROOT
surma,@SUBJ
vähemalt,@DN>
seitse,@ADVL
ja,@J
vigastada,@FMV
üle,@ADVL
100,@<P
inimese,@<Q
.,xxx
"
"
Artikkel,@NN>
Holokaust,@NN>
Eestis,@ADVL
käsitleb,ROOT
juutide,@P>
vastu,@ADVL
toime,@ADVL
pandud,@AN>
genotsiidi,@NN>
Eestis,@NN>
Teise,@NN>
maailmasõja,@P>
ajal,@ADVL
.,xxx
"
"
Ain-Elmar,@NN>
Kaasik,@SUBJ
harrastab,ROOT
suusatamist,@OBJ
",",xxx
jalgrattasõitu,@OBJ
ja,@J
pikamaajooksu,@OBJ
.,xxx
"
"
Adriana,@NN>
Lima,@SUBJ
valdab,ROOT
hästi,@ADVL
portugali,@AN>
",",xxx
hispaania,@AN>
ja,@J
inglise,@AN>
keelt,@OBJ
.,xxx
"
"
Ilmar,@NN>
Kruusamäe,@SUBJ
on,ROOT
kunsti,@NN>
alal,@NN>
iseõppija,@PRD
",",xxx
akadeemilist,@AN>
kunstiharidust,@SUBJ
tal,@ADVL
pole,@FMV
.,xxx
"
"
Tütrepoeg,@NN>
Ants,@SUBJ
elab,ROOT
Saeveski,@NN>
talus,@ADVL
.,xxx
"
"
Ajakiri,@NN>
Time,@SUBJ
valis,ROOT
ta,@SUBJ
2013.,@AN>
aasta,@NN>
inimeseks,@OBJ
.,xxx
"
"
Brigitte,@NN>
Reimann,@SUBJ
lõpetas,ROOT
gümnaasiumi,@OBJ
1951.,@AN>
aastal,@ADVL
.,xxx
"
"
Johannes,@NN>
Hirve,@NN>
looming,@SUBJ
sisaldab,ROOT
põhiliselt,@ADVL
portreid,@OBJ
",",xxx
materjalidest,@ADVL
eelistas,@FMV
ta,@SUBJ
marmorit,@OBJ
.,xxx
"
"
Anatoli,@NN>
Sobtšaki,@NN>
emapoolne,@AN>
vanaisa,@SUBJ
oli,ROOT
venelane,@PRD
",",xxx
vanaema,@NN>
ukrainlanna,@PRD
.,xxx
"
"
Ammende,@NN>
Villa,@NN>
ehitus,@SUBJ
algas,ROOT
1904.,@AN>
aastal,@ADVL
.,xxx
"
"
Jakov,@NN>
Sverdlov,@SUBJ
lõpetas,ROOT
gümnaasiumi,@ADVL
4,@ADVL
klassi,@<Q
ning,@J
õppis,@FMV
edasi,@Vpart
apteekriks,@OBJ
.,xxx
"
"
Šveitsis,@NN>
Davosi,@NN>
linnas,@ADVL
algas,ROOT
Maailma,@NN>
Majandusfoorumi,@NN>
aastakoosolek,@SUBJ
.,xxx
"
"
Pojapoeg,@NN>
Ott,@NN>
Arder,@SUBJ
oli,ROOT
luuletaja,@PRD
ja,@J
tõlkija,@PRD
.,xxx
"
"
Knock,@NN>
Nevis,@SUBJ
oli,ROOT
supertanker,@PRD
",",xxx
maailma,@NN>
suurim,@AN>
tanker,@PRD
.,xxx
"
"
Josh,@NN>
Morgan,@SUBJ
on,ROOT
sõjaväelane,@PRD
",",xxx
keda,@OBJ
saadetakse,@FMV
mägedesse,@ADVL
missioonile,@ADVL
.,xxx
"
"
Kevin,@NN>
Durant,@SUBJ
valiti,ROOT
2012.,@AN>
aasta,@NN>
tähtede,@NN>
mängu,@ADVL
kõige,@ADVL
väärtuslikumaks,@AN>
mängijaks,@OBJ
.,xxx
"
"
Kas,@ADVL
Karen,@NN>
Blixeni,@NN>
isa,@SUBJ
kirjutas,ROOT
inglise,@AN>
keeles,@ADVL
?,xxx
"
"
Margaret,@NN>
Thatcher,@SUBJ
töötas,ROOT
keemikuna,@ADVL
",",xxx
seejärel,@DN>
advokaadina,@ADVL
.,xxx
"
"
Ajakiri,@NN>
Time,@SUBJ
avalikustas,ROOT
iga-aastase,@AN>
saja,@NN>
maailma,@NN>
mõjukama,@AN>
inimese,@<Q
nimekirja,@ADVL
.,xxx
"
"
Pärast,@ADVL
Põhjasõda,@<P
kuulus,ROOT
Maarja-Magdaleena,@NN>
kihelkonnas,@ADVL
kogu,@AN>
maa,@NN>
mõisnikele,@ADVL
.,xxx
"
"
Reet,@NN>
Montoneni,@NN>
kitsamad,@AN>
erialad,@SUBJ
olid,ROOT
lastepsühholoogia,@PRD
",",xxx
psühhoanalüüs,@PRD
ja,@J
pereteraapia,@PRD
.,xxx
"
"
Andres,@NN>
Tvauri,@SUBJ
dateerib,ROOT
perioodi,@NN>
lõpuajaks,@ADVL
550.,@AN>
aasta,@OBJ
.,xxx
"
"
Rahva,@NN>
Raamatu,@NN>
visioon,@SUBJ
on,@FCV
olla,ROOT
Euroopa,@NN>
kõige,@ADVL
lugejasõbralikum,@AN>
raamatumüüja,@PRD
.,xxx
"
"
Pia,@NN>
Frausi,@NN>
nime,@OBJ
sai,ROOT
bänd,@SUBJ
1998.,@AN>
aasta,@NN>
sügisel,@ADVL
.,xxx
"
"
Pebble,@NN>
Time,@SUBJ
kuulutati,ROOT
välja,@Vpart
2015.,@AN>
aasta,@NN>
alguses,@ADVL
.,xxx
"
"
Enno,@NN>
Eesmaa,@NN>
vanemad,@SUBJ
on,@FCV
maetud,ROOT
Uudeküla,@NN>
kalmistule,@OBJ
.,xxx
"
"
Toomas,@NN>
Ehrpais,@SUBJ
oli,ROOT
legendaarne,@AN>
Vardi,@NN>
metsaülem,@PRD
.,xxx
"
"
Timothy,@NN>
Kopra,@SUBJ
on,ROOT
isa,@P>
kaudu,@ADVL
Soome,@NN>
juurtega,@PRD
.,xxx
"
"
Jaapani,@NN>
Saturni,@NN>
mängud,@SUBJ
olid,ROOT
tavalistes,@AN>
CD-plaatide,@NN>
karpides,@PRD
.,xxx
"
"
Rünnak,@NN>
Pearl,@NN>
Harborile,@SUBJ
oli,@FCV
lõppenud,ROOT
.,xxx
"
"
Viiuldaja,@NN>
Kristina,@NN>
Kriit,@SUBJ
on,ROOT
tema,@NN>
tütar,@PRD
.,xxx
"
"
Steam,@NN>
Machine,@SUBJ
peaks,@FCV
Valve,@ADVL
kohaselt,@ADVL
tooma,ROOT
arvutiga,@NN>
mängimise,@NN>
kogemuse,@NN>
inimeste,@NN>
elutuppa,@ADVL
.,xxx
"
"
Jaan,@NN>
Lipp,@ADVL
sündis,ROOT
Tarvastu,@NN>
kihelkonnas,@NN>
Vooru,@NN>
vallas,@SUBJ
",",xxx
tema,@NN>
vanem,@AN>
vend,@SUBJ
oli,@FMV
Martin,@NN>
Lipp,@PRD
.,xxx
"
"
Nõukogude,@NN>
Liidus,@OBJ
anti,ROOT
välja,@Vpart
Vene,@NN>
NFSV,@NN>
teenelise,@AN>
kunstniku,@NN>
aunimetust,@ADVL
.,xxx
"
"
Rahvaloomingu,@NN>
Keskmaja,@SUBJ
oli,ROOT
klubitöö,@NN>
ja,@J
isetegevuse,@NN>
juhendamiseks,@OBJ
ja,@J
kontrollimiseks,@OBJ
loodud,@AN>
riiklik,@AN>
keskasutus,@PRD
.,xxx
"
"
Jaan,@NN>
Tõnissoni,@NN>
neljas,@AN>
valitsus,@SUBJ
oli,@FCV
sunnitud,ROOT
tagasi,@ADVL
astuma,@ADVL
1933,@ADVL
aastal,@<Q
toimunud,@AN>
uue,@AN>
põhiseaduse,@NN>
rahvahääletuse,@NN>
tulemusel,@OBJ
.,xxx
"
"
Austusest,@NN>
Lulu,@P>
vastu,@ADVL
ei,@NEG
võtnud,ROOT
välja,@Vpart
aga,@J
küsin,@FMV
mida,@OBJ
sellega,@ADVL
mõtled,@FMV
?,xxx
"
"
Vanaisa,@NN>
Lembit,@NN>
Mägedi,@SUBJ
oli,ROOT
näitleja,@ADVL
Vanemuises,@ADVL
",",xxx
hiljem,@ADVL
Pärnu,@NN>
Endlas,@PRD
.,xxx
"
"
Pärast,@ADVL
Mustakivi,@NN>
peatust,@<P
tõuseb,ROOT
liin,@ADVL
Raadiku,@NN>
sillale,@ADVL
ja,@J
pöörab,@FMV
Kärberi,@NN>
tänavale,@OBJ
.,xxx
"
"
Jamie,@NN>
Price,@SUBJ
oli,ROOT
24.,@AN>
augustil,@ADVL
2008,@<NN
surnuks,@ADVL
pussitanud,@PRD
rivaalitseva,@AN>
gängi,@NN>
liikme,@ADVL
.,xxx
"
"
Fort,@NN>
Utah,@SUBJ
asutati,ROOT
12.,@AN>
märtsil,@ADVL
1849.,@AN>
aastal,@ADVL
.,xxx
"
"
Kardinal,@NN>
Giovanni,@NN>
Colonna,@SUBJ
asus,ROOT
1240,@ADVL
keisrit,@<Q
pooldama,@ADVL
.,xxx
"
"
Krisse,@NN>
Salminen,@SUBJ
oli,ROOT
üks,@NN>
2007.,@AN>
aasta,@NN>
Eurovisiooni,@NN>
lauluvõistluse,@NN>
saatejuhte,@PRD
.,xxx
"
"
Euroopa,@NN>
Parlament,@ADVL
toetas,ROOT
Eesti,@NN>
ühinemist,@NN>
euroalaga,@SUBJ
2011.,@AN>
aasta,@NN>
alguses,@ADVL
.,xxx
"
"
Eestis,@ADVL
Tallinna,@NN>
Kinomajas,@ADVL
lõppes,ROOT
43.,@AN>
amatöörfilmide,@NN>
festival,@SUBJ
.,xxx
"
"
Hiinas,@NN>
Shanghais,@SUBJ
avati,ROOT
2010.,@AN>
aasta,@NN>
maailmanäitus,@OBJ
",",xxx
mis,@SUBJ
kestab,@FMV
oktoobri,@NN>
lõpuni,@ADVL
.,xxx
"
"
Kas,@ADVL
Sinu,@NN>
jutt,@ADVL
on,@FCV
seotud,ROOT
Serbia,@ADVL
ja,@J
Kosovo,@ADVL
haldusjaotuse,@NN>
eristusega,@ADVL
?,xxx
"
"
Deutsches,@NN>
Reich,@SUBJ
ei,@NEG
ole,ROOT
Kolmas,@AN>
Riik,@PRD
.,xxx
"
"
Svea,@NN>
Otsmaa,@SUBJ
on,ROOT
teenistujate,@NN>
tütar,@PRD
ja,@J
Vello,@NN>
Otsmaa,@NN>
abikaasa,@ADVL
.,xxx
"
"
Kui,@J
Eestisse,@ADVL
saabusid,ROOT
keiserliku,@AN>
Saksamaa,@NN>
okupatsiooniväed,@OBJ
",",xxx
demobiliseeriti,@ADVL
eestlaste,@NN>
väeüksused,@OBJ
.,xxx
"
"
Santo,@NN>
Domingo,@SUBJ
on,ROOT
Dominikaani,@NN>
Vabariigi,@NN>
pealinn,@PRD
ja,@J
suurim,@AN>
linn,@PRD
.,xxx
"
"
Virumaa,@NN>
Teatajas,@ADVL
avaldatud,ROOT
artiklile,@ADVL
järgnenud,@AN>
päevade,@P>
jooksul,@ADVL
ilmus,@OBJ
üleriigilises,@AN>
meedias,@ADVL
mitmeid,@NN>
arvamuslugusid,@ADVL
.,xxx
"
"
Kui,@J
Diane,@SUBJ
oli,ROOT
13-,@PRD
või,@J
14-aastane,@PRD
",",xxx
läksid,@FMV
vanemad,@SUBJ
lahku,@ADVL
.,xxx
"
"
President,@NN>
Lennart,@NN>
Meri,@SUBJ
ei,@NEG
vabastanud,ROOT
ametist,@NN>
majandusminister,@NN>
Toomas,@NN>
Sildmäed,@ADVL
ega,@J
kinnitanud,@IMV
uut,@AN>
rahandusministrit,@OBJ
.,xxx
"
"
Nõukogude,@NN>
Venemaa,@SUBJ
ei,@NEG
suutnud,ROOT
Eesti,@NN>
kaitsest,@OBJ
läbi,@Vpart
murda,@OBJ
ning,@J
1919.,@AN>
aasta,@NN>
lõpuks,@SUBJ
nõustus,@FMV
vaherahuga,@OBJ
.,xxx
"
"
Kas,@ADVL
Albert,@NN>
Fuller,@NN>
Ellis,@SUBJ
sobib,ROOT
sellesse,@NN>
loendisse,@SUBJ
?,xxx
"
"
Kui,@J
Malta,@SUBJ
iseseisvus,@FMV
",",xxx
loodi,ROOT
lennufirma,@NN>
Malta,@NN>
Airlines,@SUBJ
",",xxx
mis,@SUBJ
aga,@J
varsti,@ADVL
likvideeriti,@FMV
.,xxx
"
"
Andres,@NN>
Ellamaa,@SUBJ
oli,ROOT
2009.,@AN>
aastani,@PRD
Tallinna,@NN>
Linnavolikogu,@NN>
liige,@PRD
ja,@J
on,@FMV
Kesklinna,@NN>
Halduskogu,@NN>
liige,@PRD
.,xxx
"
"
Nikita,@NN>
Hruštšov,@SUBJ
ütles,ROOT
oma,@NN>
kõnes,@ADVL
",",xxx
et,@J
Nõukogude,@NN>
Liidus,@SUBJ
ehitatakse,@FMV
kommunistlik,@AN>
ühiskond,@OBJ
üles,@Vpart
1980.,@AN>
aastaks,@OBJ
.,xxx
"
"
Näiteks,@ADVL
Tallinna,@NN>
bussijaam,@ADVL
asub,ROOT
Lastekodu,@NN>
tänaval,@SUBJ
",",xxx
kuid,@J
Viru,@NN>
keskuse,@NN>
bussiterminal,@SUBJ
on,@FMV
Tallinna,@NN>
ühistranspordi,@NN>
bussijaam,@PRD
.,xxx
"
"
Mark,@NN>
Twaini,@NN>
lause,@SUBJ
käib,ROOT
samuti,@ADVL
pigem,@DN>
saarestiku,@P>
kohta,@ADVL
.,xxx
"
"
Enno,@NN>
Kross,@SUBJ
on,ROOT
paljude,@NN>
ettekannete,@PRD
ja,@J
publikatsioonide,@NN>
kaasautor,@ADVL
või,@J
autor,@ADVL
.,xxx
"
"
Johannes,@NN>
Taul,@SUBJ
on,@FCV
rahvamuusikat,@OBJ
ise,@ADVL
kogunud,ROOT
ja,@J
kogutut,@SUBJ
oma,@NN>
ansamblitega,@ADVL
esitanud,@IMV
.,xxx
"
"
Kas,@ADVL
Spengler,@SUBJ
on,ROOT
ikka,@ADVL
piisavalt,@ADVL
autoriteetne,@AN>
allikas,@SUBJ
?,xxx
"
"
Henry,@NN>
Ford,@SUBJ
propageeris,ROOT
sojaoa,@NN>
kasutamist,@OBJ
niihästi,@ADVL
toiduna,@ADVL
kui,@J
tööstuse,@ADVL
toorainena,@OBJ
.,xxx
"
"
Visual,@NN>
Kei,@NN>
artistid,@SUBJ
on,ROOT
kergesti,@ADVL
ära,@Vpart
tuntavad,@AN>
oma,@NN>
välimuse,@P>
poolest,@ADVL
.,xxx
"
"
Kalju,@NN>
Vaikjärv,@SUBJ
oli,ROOT
1982.,@AN>
aastal,@ADVL
TA,@NN>
Orienteerumisklubi,@NN>
asutajaliige,@ADVL
ja,@J
esimene,@AN>
esimees,@ADVL
.,xxx
"
"
Eestis,@NN>
Tallinnas,@SUBJ
algas,ROOT
Majanduskoostöö,@ADVL
ja,@J
Arengu,@ADVL
Organisatsiooni,@NN>
aastakoosolek,@ADVL
.,xxx
"
"
Mihhail,@NN>
Lotman,@SUBJ
on,ROOT
Tallinna,@NN>
Ülikooli,@NN>
professor,@PRD
ja,@J
Tartu,@NN>
Ülikooli,@NN>
vanemteadur,@PRD
.,xxx
"
"
Kas,@ADVL
Eesti,@NN>
rahva,@NN>
kalender,@ADVL
oli,ROOT
tõesti,@ADVL
1954,@SUBJ
aastast,@<Q
kui,@J
kõik,@NN>
muu,@SUBJ
oli,@FMV
100,@ADVL
aastat,@<Q
vanem,@PRD
?,xxx
"
"
Dagmar,@NN>
Normet,@SUBJ
töötas,ROOT
muu,@P>
hulgas,@ADVL
võimlemise,@ADVL
",",xxx
rahvatantsu,@ADVL
ja,@J
kehalise,@AN>
kasvatuse,@ADVL
õpetajana,@ADVL
.,xxx
"
"
Pärast,@ADVL
Poola,@NN>
sõjakäiku,@<P
sai,ROOT
ta,@SUBJ
Venemaa,@NN>
keisririigi,@ADVL
riiginõuniku,@NN>
ametikoha,@OBJ
ja,@J
suundus,@FMV
poliitikasse,@OBJ
.,xxx
"
"
Pirkko,@NN>
Mannola,@SUBJ
töötas,ROOT
mitmes,@NN>
teatris,@ADVL
ning,@J
lõpetas,@FMV
koosseisulise,@AN>
teatrinäitleja,@NN>
töö,@OBJ
2003.,@AN>
aastal,@ADVL
.,xxx
"
"
Krista,@NN>
Pint,@ADVL
on,@FCV
tegelnud,ROOT
Võtikvere,@NN>
raamatuküla,@NN>
peole,@NN>
rahastuse,@NN>
otsimisega,@ADVL
ja,@J
suhtleb,@FMV
kirjastustega,@ADVL
.,xxx
"
"
