"corpus","preloaded/estonian_nc17"
"subcorpus","-"
"concordance size","31865"
"query","Query:<s> [tag!=""J""] [tag!=""V"" & word=""[A-ZÜÕÄÖŠŽ][a-züõäöšž]{2,8}""]{1,5} [tag!=""V"" & word=""[a-züõäöšž][a-zõüöäšž]{2,8}""]{0,5} [tag=""V""] []{0,5} [tag!=""V""]{0,5} [tag=""V""]? [tag!=""V""]{0,5} [word=""[\.\?\!]""] within <s/> !containing [word=""[\;\:\)\(\]\[\/\\\>\<\-\""]""] !containing [word="".""]{3} within <doc src=""wiki17"" />;GDEX:2000 "
"wikipedia.org,wiki17","<s>","Üks Ukraina sõdur suri haiglas haavadesse .","</s>"
"wikipedia.org,wiki17","<s>","Mõned Seltsi liikmed said viga .","</s>"
"wikipedia.org,wiki17","<s>","Nooruse Maja suures saalis on näitus ja etteantud teemadel tööde võistlus .","</s>"
"wikipedia.org,wiki17","<s>","Valge Maja pole sobiv võrdlus .","</s>"
"wikipedia.org,wiki17","<s>","Miks Eelise mall ei tööta ?","</s>"
"wikipedia.org,wiki17","<s>","Euroopa Liit ei ole riik .","</s>"
"wikipedia.org,wiki17","<s>","Kuningas Hussein lubas neile poliitilist varjupaika .","</s>"
"wikipedia.org,wiki17","<s>","Teenis Rootsi armees kus sai kapteni auastme .","</s>"
"wikipedia.org,wiki17","<s>","Seos Eestiga tuleks ära märkida .","</s>"
"wikipedia.org,wiki17","<s>","Kogu Kosovo alal on tugevate maavärinate oht .","</s>"
"wikipedia.org,wiki17","<s>","Põhjamaade Nõukogu finantseerivad liikmesriikide parlamendid .","</s>"
"wikipedia.org,wiki17","<s>","Kas Postimees on kollane ajakirjandus ?","</s>"
"wikipedia.org,wiki17","<s>","Kui Orlando oli neli aastat vana suri ta isa .","</s>"
"wikipedia.org,wiki17","<s>","Pärast Tapat jaguneb raudtee kaheks .","</s>"
"wikipedia.org,wiki17","<s>","Kõik Vatikani kodanikud on katoliiklased ja pühakojad kuuluvad katoliku kirikusse .","</s>"
"wikipedia.org,wiki17","<s>","Link Töö Lipp läheb nähtavasti valesse kohta .","</s>"
"wikipedia.org,wiki17","<s>","Kontroll Vaba Riigi üle oli pea pidevas kõikumises .","</s>"
"wikipedia.org,wiki17","<s>","Uued Piibli tõlked tehti ja trükiti alles 20. sajandil .","</s>"
"wikipedia.org,wiki17","<s>","Kohaliku Nõukogude võimu algatusel püüti 1960. aastatel kalmistut hävitada .","</s>"
"wikipedia.org,wiki17","<s>","Esimene Eesti naine tõusis 8000 meetri kõrgusele .","</s>"
"wikipedia.org,wiki17","<s>","Teisi Maale lähemaid tähti vaata Maale lähemate tähtede loendist .","</s>"
"wikipedia.org,wiki17","<s>","Kas Tartu Pere Leib oli vale ?","</s>"
"wikipedia.org,wiki17","<s>","Leningradi Vaimuliku Seminari lõpetas ta 1949. aastal esimese järguga .","</s>"
"wikipedia.org,wiki17","<s>","Artikkel Tsensuur on ju olemas .","</s>"
"wikipedia.org,wiki17","<s>","Kas Sul on mingi ettepanek ?","</s>"
"wikipedia.org,wiki17","<s>","Iisraeli Jumala nimi esineb Vanas Testamendis 7000 korda .","</s>"
"wikipedia.org,wiki17","<s>","Kas Eestis on praegu mõisaid ?","</s>"
"wikipedia.org,wiki17","<s>","Eesti Vabariigi esimesel perioodil töötasid dr .","</s>"
"wikipedia.org,wiki17","<s>","Teel Naganosse kustus leek vähemalt üheksa korda ära .","</s>"
"wikipedia.org,wiki17","<s>","Vana Toomas oleks võinud suurema tormi korral alla kukkuda .","</s>"
"wikipedia.org,wiki17","<s>","Hansa Liidu mõte oli turvata oma kaupmeeste tegevust võõral maal .","</s>"
"wikipedia.org,wiki17","<s>","Adolf Friedrich oli kaks korda abielus .","</s>"
"wikipedia.org,wiki17","<s>","Gerhard Schröder on olnud neli korda abielus .","</s>"
"wikipedia.org,wiki17","<s>","Olev Oja alustas uue repertuaari hankimisega .","</s>"
"wikipedia.org,wiki17","<s>","Jaan Tätte juunior on minu meelest täiskasvanu ja elab omaette .","</s>"
"wikipedia.org,wiki17","<s>","Aleksander Rebane on pärit füüsikute perekonnast .","</s>"
"wikipedia.org,wiki17","<s>","Kaljo Alaküla meenutab traagilisi aastaid läbi lenduri pilgu .","</s>"
"wikipedia.org,wiki17","<s>","Belgias Brüsselis algas kolm päeva kestev ülemaailmne eesti keele õpetajate kohtumine .","</s>"
"wikipedia.org,wiki17","<s>","Mary Harris sündis katoliiklasest farmeri peres .","</s>"
"wikipedia.org,wiki17","<s>","Maria Kaljuste visati erakonnast välja .","</s>"
"wikipedia.org,wiki17","<s>","Peterburi Jaani kirik kerkib siiski .","</s>"
"wikipedia.org,wiki17","<s>","Urve Ratas on teenistuja tütar .","</s>"
"wikipedia.org,wiki17","<s>","Uku Masingu artiklit pole ma elusast peast näiteks näinud .","</s>"
"wikipedia.org,wiki17","<s>","Nõukogude Liidu passis oli tema rahvuseks eestlane .","</s>"
"wikipedia.org,wiki17","<s>","Kui Boriss oli mõned korrad haamriga löönud , siis granaat plahvatas .","</s>"
"wikipedia.org,wiki17","<s>","Chicago Esimene kogudus arvati EELK koosseisust välja .","</s>"
"wikipedia.org,wiki17","<s>","Aja Pulss hakkas ilmuma ajakirja Küsimused ja Vastused asemel 1985. aasta jaanuaris .","</s>"
"wikipedia.org,wiki17","<s>","Tartus Ateena keskuses kuulutati välja 2010. aasta vabatahtlikud .","</s>"
"wikipedia.org,wiki17","<s>","Jüri Pihl võttis omaks , et osa tema väiteid olid sobimatud .","</s>"
"wikipedia.org,wiki17","<s>","Euroopa Komisjon asub suuremas osas Brüsselis .","</s>"
"wikipedia.org,wiki17","<s>","Rakvere Pauluse kogudus kasutas kirikut 11 aastat .","</s>"
"wikipedia.org,wiki17","<s>","Praegune Lääne Euroopa oma on kolmas ring ?","</s>"
"wikipedia.org,wiki17","<s>","Nõukogude Liit ei ole tingimata Venemaa .","</s>"
"wikipedia.org,wiki17","<s>","Nõukogude Liidu kangelase nimetuse said 95 naist .","</s>"
"wikipedia.org,wiki17","<s>","Onu Jüri Poska oli jurist ja õigeusu preester .","</s>"
"wikipedia.org,wiki17","<s>","Poeg Tõnu Tormis on fotograaf .","</s>"
"wikipedia.org,wiki17","<s>","Punase Risti hinnangul võib olla hukkunud kuni 1800 inimest .","</s>"
"wikipedia.org,wiki17","<s>","Minu Isa Oli Ausus Ise on eesti ansambel .","</s>"
"wikipedia.org,wiki17","<s>","Vastu Epu pakutud pealkiri on minu arvates parem .","</s>"
"wikipedia.org,wiki17","<s>","Kooselu Tuglasega kestis kuni Elo surmani , kokku 52 aastat .","</s>"
"wikipedia.org,wiki17","<s>","Kui Peetrile röövidest ette kanti , käskis ta süüdlased kindlaks teha .","</s>"
"wikipedia.org,wiki17","<s>","Vanem Mart Kull oli samuti arst ja õppejõud , vist dotsent .","</s>"
"wikipedia.org,wiki17","<s>","Artiklis Hukkunute arv on hukkunute arv 50 ... 60 miljonit .","</s>"
"wikipedia.org,wiki17","<s>","Tallinnas Vabaduse väljakul avati kolmekümnendad Eesti muusika päevad .","</s>"
"wikipedia.org,wiki17","<s>","Herbert Marcuse sündis Berliinis väga rikkas juudi perekonnas .","</s>"
"wikipedia.org,wiki17","<s>","Alfred Kütt omandas põllumajandusliku hariduse Soomes .","</s>"
"wikipedia.org,wiki17","<s>","Nõukogude Liit esitas oktoobrikuu lõpus Soomele diplomaatilise noodi .","</s>"
"wikipedia.org,wiki17","<s>","Eesti Ekspressi kohustati Made ees kuu aja jooksul vabandama .","</s>"
"wikipedia.org,wiki17","<s>","Adolf Hitleri nõudmisel jätkati Eesti territooriumi hoidmist eelkõige kahel põhjusel .","</s>"
"wikipedia.org,wiki17","<s>","Kas Rootsis oli Eesti NSV aeg ?","</s>"
"wikipedia.org,wiki17","<s>","Juhan Partsi valitsus astus 10. aprillil 2003 ametisse ametivande andmisega Riigikogu ees .","</s>"
"wikipedia.org,wiki17","<s>","Ainult Füüsika on kindlasti liiga vähe .","</s>"
"wikipedia.org,wiki17","<s>","Abu Meri saabus Lätisse 1993. aastal meditsiini õppima .","</s>"
"wikipedia.org,wiki17","<s>","Peale Milani on ta mänginud ka Rooma Lazios .","</s>"
"wikipedia.org,wiki17","<s>","Filmimine Itaalias toimus igatahes kokkuleppel Nõukogude Liiduga .","</s>"
"wikipedia.org,wiki17","<s>","Vallo Kirs sündis 1987. aastal Rakveres .","</s>"
"wikipedia.org,wiki17","<s>","Kuidas Mustamäe nime sai ?","</s>"
"wikipedia.org,wiki17","<s>","Mida Jim peaks tegema ?","</s>"
"wikipedia.org,wiki17","<s>","Mida George peaks tegema ?","</s>"
"wikipedia.org,wiki17","<s>","Kas Eestis on suurmeistreid ?","</s>"
"wikipedia.org,wiki17","<s>","Artiklis Iraak on öeldud , et Iraak on USA okupatsiooni all .","</s>"
"wikipedia.org,wiki17","<s>","Berliini Mitte rajooni vapp kinnitati ametlikult 9. oktoobril 2001 pärast rajooni piiride laiendamist .","</s>"
"wikipedia.org,wiki17","<s>","Arnold Rüütel on olnud ka liikumise Hoia Eesti Merd esimees .","</s>"
"wikipedia.org,wiki17","<s>","August Hunt on Eesti ansambel , mis kogunes 2010. aastal .","</s>"
"wikipedia.org,wiki17","<s>","Sten Karpov on sündinud ja üles kasvanud Võrus .","</s>"
"wikipedia.org,wiki17","<s>","Ainuüksi Kraft Foods annab osariigis tööd enam kui 5000 inimesele .","</s>"
"wikipedia.org,wiki17","<s>","Real Madrid on saanud võidud ja vastu võtnud kaotused peamiselt viielt klubilt .","</s>"
"wikipedia.org,wiki17","<s>","Mart Jaanson on olnud Tartu Uue Muusika Pidustuste peakorraldaja .","</s>"
"wikipedia.org,wiki17","<s>","Kui Hitler nõudmised tagasi lükkas , kuulutasid mõlemad riigid Saksamaale 3. septembril sõja .","</s>"
"wikipedia.org,wiki17","<s>","Pärast Friedrich Augusti surma järgnes talle troonil tema vend Anton .","</s>"
"wikipedia.org,wiki17","<s>","Küllo Arjakas on uurinud peamiselt Eesti lähiajalugu , eriti riigi loomist .","</s>"
"wikipedia.org,wiki17","<s>","Kas Eesti ajal oli eraldi Tartu ja Tartumaa malev ?","</s>"
"wikipedia.org,wiki17","<s>","Eesti Vabariigi ajal nimetati see veel kord ümber Kirjaniku tänavaks .","</s>"
"wikipedia.org,wiki17","<s>","Mis Sinu ettepanek oleks ?","</s>"
"wikipedia.org,wiki17","<s>","Mida Sina faktiks pead ?","</s>"
"wikipedia.org,wiki17","<s>","Kes Sul keelab pikemalt kirjutada või üldse tegemata jätta ?","</s>"
"wikipedia.org,wiki17","<s>","Juba Rooma ajast alates on Portugali veinid olnud rahvusvaheliselt tuntud .","</s>"
"wikipedia.org,wiki17","<s>","Elo Viidingu isa oli poeet ja näitleja Juhan Viiding .","</s>"
"wikipedia.org,wiki17","<s>","Ellen Polli oli abielus Kaljo Polliga .","</s>"
"wikipedia.org,wiki17","<s>","Keskerakonna Pärnu piirkonna kesklinna osakond esitas Jüri Ratase erakonna esimehe kandidaadiks .","</s>"
"wikipedia.org,wiki17","<s>","Joseph Campbell sündis New Yorgis .","</s>"
"wikipedia.org,wiki17","<s>","Tallinna Sadama juhatuse esimehena alustas tööd Valdo Kalm .","</s>"
"wikipedia.org,wiki17","<s>","Boriss Nemtsov oli abielus .","</s>"
"wikipedia.org,wiki17","<s>","Margus Järve tegutses üldjuhina .","</s>"
"wikipedia.org,wiki17","<s>","Priit Volmer on abielus .","</s>"
"wikipedia.org,wiki17","<s>","Kõik Euroopa kroonitud pead peale Juan Carlos I olid kohal .","</s>"
"wikipedia.org,wiki17","<s>","Kui Saksa väed ründasid 1940. aastal Norrat , pages tema pere Ameerikasse .","</s>"
"wikipedia.org,wiki17","<s>","Millisest Uuemõisa mõisast on jutt ?","</s>"
"wikipedia.org,wiki17","<s>","Artiklis Maksud tuleb maks arusaadavamalt defineerida .","</s>"
"wikipedia.org,wiki17","<s>","Peategelase Kivistiku uurida on kaks juhtumit .","</s>"
"wikipedia.org,wiki17","<s>","Vabariigi President vabastab ministri ametist ka siis , kui Riigikogu avaldab oma otsusega ministrile umbusaldust .","</s>"
"wikipedia.org,wiki17","<s>","Nõukogude Liidu jaoks oli projekt peaasjalikult poliitiline ja strateegiline , kuid majanduslikult perspektiivita .","</s>"
"wikipedia.org,wiki17","<s>","Pärast Eestist lahkumist töötas Itaalias , Šveitsis ja Prantsusmaal .","</s>"
"wikipedia.org,wiki17","<s>","Eesti Teaduste Akadeemia avati .","</s>"
"wikipedia.org,wiki17","<s>","Miks Ugala on Viljandis ?","</s>"
"wikipedia.org,wiki17","<s>","Kas Eestis nimetatakse seda nii ?","</s>"
"wikipedia.org,wiki17","<s>","Kohalikud Albaania aadlikud säilitasid paavstiga head suhted .","</s>"
"wikipedia.org,wiki17","<s>","Kõik Islandi ajalehed on tabloidformaadis .","</s>"
"wikipedia.org,wiki17","<s>","Puhas Kalmani filter ei kohanda andmeid .","</s>"
"wikipedia.org,wiki17","<s>","Vaevalt Visnapuu üritas sellega tervet kommunismi lahti seletada .","</s>"
"wikipedia.org,wiki17","<s>","Igatahes Nõmme valitsuse eluloos on tema surmakuupäev antud .","</s>"
"wikipedia.org,wiki17","<s>","Kas Bütsantsi provints oli linn ?","</s>"
"wikipedia.org,wiki17","<s>","Valda Raud on tõlkinud peamiselt inglise ja vene keelest .","</s>"
"wikipedia.org,wiki17","<s>","Kalevlaste Maleva pataljon osales mitmes Vabadussõja lahingus .","</s>"
"wikipedia.org,wiki17","<s>","Lauri Vahtre täiendas seda ajalooliste sündmuste alal .","</s>"
"wikipedia.org,wiki17","<s>","Leitnant Kumari tütar oli isa surma hetkel vaid 1,5 aastane .","</s>"
"wikipedia.org,wiki17","<s>","Algus Raadik oli kooliõpetaja poeg , ema oli koduperenaine .","</s>"
"wikipedia.org,wiki17","<s>","Kuues Keila sild valmib 2015. aasta lõpul .","</s>"
"wikipedia.org,wiki17","<s>","Lisaks Parra veskile töötas ka Tamme veski .","</s>"
"wikipedia.org,wiki17","<s>","Standard Company kaevandus tootis järgmise 25 aastaga üle 15 miljoni dollari kasumit kullas .","</s>"
"wikipedia.org,wiki17","<s>","Linnu Tee on eesti rokkansambel , mis tegutseb alates 1985. aastast .","</s>"
"wikipedia.org,wiki17","<s>","Ajakirja Kroonika lugejad valisid ta 2006. ja 2008. aastal seksikaimaks naiseks .","</s>"
"wikipedia.org,wiki17","<s>","Tartu Kalev oli ka korvpallimeeskond , mis osales NSV Liidu meistrivõistlustel kõrgliigas .","</s>"
"wikipedia.org,wiki17","<s>","Noorte Kotkaste Viru malev on Lääne-Viru maakonna piires tegutsev Noorte Kotkaste piirkondlik üksus .","</s>"
"wikipedia.org,wiki17","<s>","Kui Greta oli 14-aastane , suri tema isa .","</s>"
"wikipedia.org,wiki17","<s>","Kui Oudekki oli 12-aastane , suri tema isa .","</s>"
"wikipedia.org,wiki17","<s>","Kuidas Sina seda siis sõnastaksid ?","</s>"
"wikipedia.org,wiki17","<s>","Püha Tool on praegu ainus Euroopas asuv rahvusvahelise õiguse subjekt , mis tunnustab Hiina Vabariiki .","</s>"
"wikipedia.org,wiki17","<s>","Hiite Majast ei saa nimetuste osas lähtuda .","</s>"
"wikipedia.org,wiki17","<s>","Ainult Iisak päris tõotatud maa .","</s>"
"wikipedia.org,wiki17","<s>","Kas Division ikka on osakond ?","</s>"
"wikipedia.org,wiki17","<s>","Kas Eesti ühiskond on valmis tunnustama loomade eluõigust ?","</s>"
"wikipedia.org,wiki17","<s>","Kas Eesti ühingu nimes on tõesti noorteühing mainitud ?","</s>"
"wikipedia.org,wiki17","<s>","Artiklis Casper ei ole ta tõlgitud .","</s>"
"wikipedia.org,wiki17","<s>","Nõukogude Liidus on teadupärast alati ajalugu päevapoliitilistele vajadustele kohandatud .","</s>"
"wikipedia.org,wiki17","<s>","Nõukogude Liidu osana said Eestis levinumaks vähemusrahvuseks aga venelased ja vene keelt kõnelevad rahvad .","</s>"
"wikipedia.org,wiki17","<s>","Gustav Piir on Ameerika Ühendriikides sündinud ja Kanadas üles kasvanud .","</s>"
"wikipedia.org,wiki17","<s>","Kui Sul see asi lihtsam on , siis anna ise viide .","</s>"
"wikipedia.org,wiki17","<s>","Belgias Brüsselis toimus Euroopa Liidu välisministrite ja Euroopa asjade ministrite kohtumine .","</s>"
"wikipedia.org,wiki17","<s>","Tõnu Ots on Eesti Rooma Klubi liige .","</s>"
"wikipedia.org,wiki17","<s>","Kert Kütt on eesti jalgpallur , JK Nõmme Kalju väravavaht .","</s>"
"wikipedia.org,wiki17","<s>","Arne Otter vaidlustas kohtus linnavalitsuse otsuse kinnistut mitte tagastada .","</s>"
"wikipedia.org,wiki17","<s>","Kanada Manitoba osariigis toimusid kohaliku parlamendi valimised .","</s>"
"wikipedia.org,wiki17","<s>","Tallinna Ülikoolis jõustus struktuurireform , millega teaduskonnad asendati instituutidega .","</s>"
"wikipedia.org,wiki17","<s>","Ilja Repini loomingus on olulisel kohal revolutsioonilise võitluse teema .","</s>"
"wikipedia.org,wiki17","<s>","Christian August oli salliv valitseja .","</s>"
"wikipedia.org,wiki17","<s>","Enn Vetemaa ei olnud matusest osavõtja .","</s>"
"wikipedia.org,wiki17","<s>","Andres Larka oli kolm korda abielus .","</s>"
"wikipedia.org,wiki17","<s>","Richard Tayloril on niisugune argument fatalismi kasuks .","</s>"
"wikipedia.org,wiki17","<s>","Nõmme Jannseni kaubamaja võib saada hiiglasliku juurdeehituse .","</s>"
"wikipedia.org,wiki17","<s>","Nõmme Jannseni kaubamaja võib peagi saada mahuka juurdeehituse .","</s>"
"wikipedia.org,wiki17","<s>","Jaan Riet ei teinud oma pilte üksi .","</s>"
"wikipedia.org,wiki17","<s>","Aleksandr Vampilovi näidendid olid omal ajal väga populaarsed .","</s>"
"wikipedia.org,wiki17","<s>","Üks Kudina mõisaga seotud lugudest puudutab Saare mõisa .","</s>"
"wikipedia.org,wiki17","<s>","Kristjan Palusalu ei kaotanud kodustel võistlustel enam kordagi .","</s>"
"wikipedia.org,wiki17","<s>","Kalju Kanguri luulest moodustab suure osa loodusluule .","</s>"
"wikipedia.org,wiki17","<s>","John Deely on esitanud filosoofia ajaloo käsitluse märgi mõistmise ajaloo kaudu .","</s>"
"wikipedia.org,wiki17","<s>","Nikolai Lvov oli väga erudeeritud ja mitmekülgne mees .","</s>"
"wikipedia.org,wiki17","<s>","Mihhail Uljanov on ka mitmete raamatute autor .","</s>"
"wikipedia.org,wiki17","<s>","Surface Pro mudel tehti kättesaadavaks kolm kuud hiljem .","</s>"
"wikipedia.org,wiki17","<s>","Agnes Antik on tõlkinud ligi paarkümmend taani ja norra autorite teost .","</s>"
"wikipedia.org,wiki17","<s>","Priit Pärn on hariduselt bioloog .","</s>"
"wikipedia.org,wiki17","<s>","Kristjan Kasearu andis singli välja .","</s>"
"wikipedia.org,wiki17","<s>","Toomas Kasemaa võttis end töötuna arvele .","</s>"
"wikipedia.org,wiki17","<s>","Thomas Jefferson oli pere kümnest lapsest kolmas .","</s>"
"wikipedia.org,wiki17","<s>","Tarmo Lausing on abielus ja tal on kaks last .","</s>"
"wikipedia.org,wiki17","<s>","Sloveenia Istria on eriti hinnatud oma veinide ja oliiviõli poolest .","</s>"
"wikipedia.org,wiki17","<s>","Itaalias Livornos hukkus paduvihmade tagajärjel aset leidnud üleujutustes vähemalt kuus inimest .","</s>"
"wikipedia.org,wiki17","<s>","Oliver Kahn on välja võetud .","</s>"
"wikipedia.org,wiki17","<s>","Jon Walker alustas oma soolokarjääri .","</s>"
"wikipedia.org,wiki17","<s>","Püha Walburga on populaarsemaid katoliku pühakuid .","</s>"
"wikipedia.org,wiki17","<s>","Türgis Konya linnas varises kokku elumaja sektsioon .","</s>"
"wikipedia.org,wiki17","<s>","Artikkel Kassari räägib saarest , küla ei maini .","</s>"
"wikipedia.org,wiki17","<s>","Kui Lenini orden asutati , siis kangelase aunimetusi veel ei olnud .","</s>"
"wikipedia.org,wiki17","<s>","Pärast Põhjasõda vajas kirik taas parandamist , kuigi pääses suuremate kahjustusteta .","</s>"
"wikipedia.org,wiki17","<s>","Eesti Kirikute Nõukogu on välja andnud ka projekti tutvustavaid tasuta buklette .","</s>"
"wikipedia.org,wiki17","<s>","Igatahes Frege järgi on võimalik , et osutus on füüsiline ese .","</s>"
"wikipedia.org,wiki17","<s>","Nõukogude Liit ei jõudnud Vilniust Valgevene NSV koosseisu arvata .","</s>"
"wikipedia.org,wiki17","<s>","Rebecca Miller on stsenarist , näitleja ja lavastaja .","</s>"
"wikipedia.org,wiki17","<s>","Artiklis Vaiko Eplik on igatahes teine jutt .","</s>"
"wikipedia.org,wiki17","<s>","Soovitan Peeter Pälli käest küsida .","</s>"
"wikipedia.org,wiki17","<s>","Ullo Toomi puhul on jutt sünniaastapäevast , mitte sünnipäevast .","</s>"
"wikipedia.org,wiki17","<s>","Link Jaan Port viib valele isikule .","</s>"
"wikipedia.org,wiki17","<s>","Tütar Tiina Abel on kunstiteadlane .","</s>"
"wikipedia.org,wiki17","<s>","Leonardo Fibonacci tutvustas 13. sajandi alguses läänemaailmale arvutamist araabia numbritega .","</s>"
"wikipedia.org,wiki17","<s>","Konstantin Päts ei olnud Rahvuskogu liige .","</s>"
"wikipedia.org,wiki17","<s>","Peale Lenini surma viis tema postuleeritud kommunistlikke ideid ellu Stalin .","</s>"
"wikipedia.org,wiki17","<s>","Trummar Chad Smith tuli bändi kaks nädalat enne ühise plaadi salvestamist .","</s>"
"wikipedia.org,wiki17","<s>","Artiklis Eduard Limonov on töötav link partei venekeelsele kodulehele .","</s>"
"wikipedia.org,wiki17","<s>","Kas Hardo Pajula on majandusteadlane ?","</s>"
"wikipedia.org,wiki17","<s>","Kas Louis Vuitton tootis kohvreid ?","</s>"
"wikipedia.org,wiki17","<s>","Piet Hein on üks 20. sajandil enim auhindu saanud taanlane .","</s>"
"wikipedia.org,wiki17","<s>","Kas Levi Jaagup on ebaoluline ?","</s>"
"wikipedia.org,wiki17","<s>","Tõnu Kõrvitsa muusika on habras ja õrn , tulvil poeetilisi nägemusi .","</s>"
"wikipedia.org,wiki17","<s>","Euroopa Liidus toetab Taani liberaalset kaubanduspoliitikat .","</s>"
"wikipedia.org,wiki17","<s>","Pärast Preisimaa võitu ei jälitanud Friedrich vastaste armeesid .","</s>"
"wikipedia.org,wiki17","<s>","Sõiduaeg Moskvasse on umbes 1 tund ja 15 minutit .","</s>"
"wikipedia.org,wiki17","<s>","Tänase Portugali aladele jõudsid esimesena umbes 100 000 aastat tagasi neandertallased .","</s>"
"wikipedia.org,wiki17","<s>","Soome Õigeusu Kirikus on kokku 3 piiskopkonda 24 kogudusega .","</s>"
"wikipedia.org,wiki17","<s>","Washingtoni Ülikool on ülikool , mis asub Seattle '' is Ameerika Ühendriikides .","</s>"
"wikipedia.org,wiki17","<s>","Viimane Eestimaa hertsog oli Nikolai II .","</s>"
"wikipedia.org,wiki17","<s>","Jaanus Paal on töölise poeg ja Taimi Paali abikaasa .","</s>"
"wikipedia.org,wiki17","<s>","Karjamaa Põhikool on 1964. aastast Tallinnas tegutsev kool .","</s>"
"wikipedia.org,wiki17","<s>","Riia Peetri kiriku esine plats , 2013 aastal .","</s>"
"wikipedia.org,wiki17","<s>","Nüüdisaegse Tallinna maantee suund määrati pärast Peetri värava rajamist 1822. aastal .","</s>"
"wikipedia.org,wiki17","<s>","Eesti Päevaleht tegi 19. augustil 2010 artikli taas veebi kaudu kättesaadavaks .","</s>"
"wikipedia.org,wiki17","<s>","Kuigi Bulgaaria abi oli efektiivsem , eelistati Bütsantsi abi .","</s>"
"wikipedia.org,wiki17","<s>","Teel Mekasse ei tohi kanda riietes sõlmi ega sõrmedes sõrmuseid .","</s>"
"wikipedia.org,wiki17","<s>","Ühinenud Saksa riigid pidid saama üheks kõige mõjukamaks Euroopa riigiks .","</s>"
"wikipedia.org,wiki17","<s>","Amar Annus igatahes kasutab nii .","</s>"
"wikipedia.org,wiki17","<s>","Päris Lindamägi jääb natuke eemale .","</s>"
"wikipedia.org,wiki17","<s>","President Trumani ametiajal algas väga aktiivselt ka külm sõda .","</s>"
"wikipedia.org,wiki17","<s>","Eerik-Niiles Kross on saanud korduvalt karistada kiiruse ületamise eest .","</s>"
"wikipedia.org,wiki17","<s>","Ithaka Maria hakkas muusikaga tegelema väga noorelt .","</s>"
"wikipedia.org,wiki17","<s>","Nora Kaplinski tõlkis nii prantsuse kui poola keelest .","</s>"
"wikipedia.org,wiki17","<s>","Peale Poolasse naasmist määrati ta Zygmunt II Augusti sekretäriks .","</s>"
"wikipedia.org,wiki17","<s>","Kuigi Bahreini riigikeel on araabia keel , räägitakse riigis ka inglise keelt .","</s>"
"wikipedia.org,wiki17","<s>","Kuidas Madisoni sõnu nii esitada , et sellist muljet ei tekiks ?","</s>"
"wikipedia.org,wiki17","<s>","Ajaloolased Naani jutu niisama ei uskunud , ja õieti tegid .","</s>"
"wikipedia.org,wiki17","<s>","Prints Carl Philip on tegelenud skautlusega ning naudib tegevusi värskes õhus .","</s>"
"wikipedia.org,wiki17","<s>","Vallutatud Korsika säilitas Prantsusmaa koosseisus teatud iseseisvuse .","</s>"
"wikipedia.org,wiki17","<s>","Briti Muuseumis töötamise ajal avaldas ta rohkem kui 500 publikatsiooni .","</s>"
"wikipedia.org,wiki17","<s>","Sõda Donbassis pole sama mis Ukraina kriis .","</s>"
"wikipedia.org,wiki17","<s>","Kas Tsooru on ikka kuulunud Valgamaa alla ?","</s>"
"wikipedia.org,wiki17","<s>","Teine Narva lahing toimus aastal 1704 , kui venelased linna ära võtsid .","</s>"
"wikipedia.org,wiki17","<s>","Kui Mario oli 14 aastat vana , saatis isa ta sõjaväeakadeemiasse õppima .","</s>"
"wikipedia.org,wiki17","<s>","Aleksandr Fadejev lõpetas elu enesetapuga , lastes ennast maha .","</s>"
"wikipedia.org,wiki17","<s>","Eestis Kihnus avati läbi aegade esimene lasteaed , milles käib 17 mudilast .","</s>"
"wikipedia.org,wiki17","<s>","Kreekas Larissa linna lähistel sõitsid veidi pärast keskööd teelt välja Ateenasse teel olnud reisirongi viis vagunit .","</s>"
"wikipedia.org,wiki17","<s>","Ants Eskola sündis Tallinnas raamatupidaja ja põllumehe peres .","</s>"
"wikipedia.org,wiki17","<s>","Air Canada on Kanada rahvuslik ja suurim lennufirma .","</s>"
"wikipedia.org,wiki17","<s>","Trivimi Velliste nõudis esimesena avalikult Eesti iseseisvumise taastamist .","</s>"
"wikipedia.org,wiki17","<s>","Everi Vähi on sündinud Tallinnas muusiku perekonnas .","</s>"
"wikipedia.org,wiki17","<s>","Ivari Padar pageb raske ministritöö eest Brüsselisse ?","</s>"
"wikipedia.org,wiki17","<s>","Kadri Kasak on Eesti laulja .","</s>"
"wikipedia.org,wiki17","<s>","Ajalehel Pärnu Postimees on soliidne ajalugu .","</s>"
"wikipedia.org,wiki17","<s>","Pavel Tretjakov sündis Moskvas kaupmehe peres .","</s>"
"wikipedia.org,wiki17","<s>","Oscar Schindler suri Brasiilias vaese mehena .","</s>"
"wikipedia.org,wiki17","<s>","Carl Roman Abt sündis katoliiklikus peres .","</s>"
"wikipedia.org,wiki17","<s>","Elizabeth Taylor tahtis Viru grilli koju kaasa võtta .","</s>"
"wikipedia.org,wiki17","<s>","Bill Russell mängis NBA-s 963 mängu .","</s>"
"wikipedia.org,wiki17","<s>","Ajalooline Narva kihelkond asub ülekaalukalt Narva jõe idakalda , nn .","</s>"
"wikipedia.org,wiki17","<s>","Marek Lindmaa töötab 2004. aastast TV3-s .","</s>"
"wikipedia.org,wiki17","<s>","Hertsog Ernst oli enda sõnul siiski edukas ning ta algatas maksude vähendamise .","</s>"
"wikipedia.org,wiki17","<s>","Kevin Mitnick pisteti ju lõpuks trellide taha kui häkker .","</s>"
"wikipedia.org,wiki17","<s>","Aurora Selts oli Soome 18. sajandi teise poole haritlastest koosnev sõpruskond .","</s>"
"wikipedia.org,wiki17","<s>","Aslan Mashadovi tapsid Vene eriüksuslased 2005. aasta märtsis .","</s>"
"wikipedia.org,wiki17","<s>","Nõukogude Venemaal osales ta Vene kodusõja lahingutes Uurali piirkonnas .","</s>"
"wikipedia.org,wiki17","<s>","Imre Kose on Norra kuningliku teeneteordeni V klassi kavaler .","</s>"
"wikipedia.org,wiki17","<s>","Finaalturniiril Jaapanis mängis Zambrotta igas Itaalia mängus algusest lõpuni .","</s>"
"wikipedia.org,wiki17","<s>","Hitleri Kolmas Reich oli nüüdseks kahanenud mõne ruutkilomeetri suuruseks Berliini keskele .","</s>"
"wikipedia.org,wiki17","<s>","Jaan Leesment on maetud Pärnusse Alevi kalmistule .","</s>"
"wikipedia.org,wiki17","<s>","Lauri Aus oli 10-kordne Eesti meister .","</s>"
"wikipedia.org,wiki17","<s>","Kaitseliidu Tallinna maleva pealik on kolonelleitnant Lauri Abel .","</s>"
"wikipedia.org,wiki17","<s>","Kas Nõmme all on mõeldud Nõmme asumit või Nõmme linnaosa ?","</s>"
"wikipedia.org,wiki17","<s>","Neeme Raud pälvis Valdo Pandi nimelise ajakirjanduspreemia .","</s>"
"wikipedia.org,wiki17","<s>","Kõrgõzstan Vene keelel on riigis ametliku keele staatus , riigikeeleks on kirgiisi keel .","</s>"
"wikipedia.org,wiki17","<s>","Ema Michele töötas kindlustuses .","</s>"
"wikipedia.org,wiki17","<s>","Helmut Oruvee on minu jaoks piiri peal , kuid pigem jätaksin sisse .","</s>"
"wikipedia.org,wiki17","<s>","Tallinna Toomkirik kuulus algul katoliiklastele , järelikult omab ka katoliiklaste jaoks tähtsust .","</s>"
"wikipedia.org,wiki17","<s>","Pärast Liivi sõda olid Eesti alad jaotatud Poola , Rootsi ja Taani vahel .","</s>"
"wikipedia.org,wiki17","<s>","Eduard Kutsar suri 1970. aastal , ta maeti Elva metsakalmistule .","</s>"
"wikipedia.org,wiki17","<s>","Elizabeth Taylor sündis 27. veebruaril 1932. aastal Londonis .","</s>"
"wikipedia.org,wiki17","<s>","Kersti Kaljulaid sündis 30. detsembril 1969 Tartus .","</s>"
"wikipedia.org,wiki17","<s>","Nõukogude Liidu õhujõud tegid 1944. aasta veebruaris-märtsis korduvalt õhurünnakuid Tartule .","</s>"
"wikipedia.org,wiki17","<s>","Paul Pinna tänaval asub Paepealse raamatukogu , Laagna lasteaed .","</s>"
"wikipedia.org,wiki17","<s>","Rahvusooperis Estonia esitas Vello Jürna üle 30 rolli .","</s>"
"wikipedia.org,wiki17","<s>","Belgias Brüsselis algas NATO kaitseministrite kahepäevane kohtumine , mille keskseks teemaks on NATO sügisese tippkohtumise ettevalmistamine .","</s>"
"wikipedia.org,wiki17","<s>","Villem Reiman ei saa olla Stalini preemia laureaat .","</s>"
"wikipedia.org,wiki17","<s>","Kas Vironia jne pole mitte Virumaa ?","</s>"
"wikipedia.org,wiki17","<s>","Endel Siff on väitnud et tuleval aastal valmistatakse ÜLE 9000 sellise toote .","</s>"
"wikipedia.org,wiki17","<s>","Millisest Kõnnu mõisast on siin jutt ?","</s>"
"wikipedia.org,wiki17","<s>","Rootsi Akadeemia asutati kuningas Gustav III poolt aastal 1786 Prantsuse Akadeemia eeskujul .","</s>"
"wikipedia.org,wiki17","<s>","New Yorgi paraad on tänini üks maailma suuremaid püha Patricku päeva pidustusi .","</s>"
"wikipedia.org,wiki17","<s>","Euroopa Liidus kannavad need nime peadirektoraat .","</s>"
"wikipedia.org,wiki17","<s>","Enamik Poola aadlist lükkas selle tagasi .","</s>"
"wikipedia.org,wiki17","<s>","Kas Päite küla kuulub tervikuna sellesse kaitsealasse ?","</s>"
"wikipedia.org,wiki17","<s>","Kui Truffaut oli kümneaastane , vanaema suri ja poiss läks tagasi vanemate juurde .","</s>"
"wikipedia.org,wiki17","<s>","Kas Litzmann oli tõesti 14-aastane , kui ta poeg Walter sündis ?","</s>"
"wikipedia.org,wiki17","<s>","Lätis Riias algas Euroopa Liidu välisministrite kahepäevane mitteametlik kohtumine , mille keskseks teemaks on julgeolekupoliitika küsimused .","</s>"
"wikipedia.org,wiki17","<s>","Millal Iiob ametisse valiti ja pühitseti , ei olegi täpselt teada .","</s>"
"wikipedia.org,wiki17","<s>","Hertsog Karl viibis samal ajal Rootsis , kus tegeles uute vägede värbamisega .","</s>"
"wikipedia.org,wiki17","<s>","Artikkel Lüllemäe ütleb , et seal on neli ajaloolist kalmistut .","</s>"
"wikipedia.org,wiki17","<s>","Kui Joller saab purjuspäi etendusele ilmumise eest käskkirja , siis esitab ta lahkumisavalduse .","</s>"
"wikipedia.org,wiki17","<s>","Pärast Tacitust vaikivad allikad neist kuni ligikaudu 6. sajandini .","</s>"
"wikipedia.org,wiki17","<s>","Rahvaste Ühenduse mängud toimusid Inglismaal Manchesteris .","</s>"
"wikipedia.org,wiki17","<s>","Andres Ülviste on lõpetanud Tartu Ülikooli õigusteaduse erialal 1993. aastal .","</s>"
"wikipedia.org,wiki17","<s>","Denver Nuggets on USA korvpalliklubi , mis mängib korvpalliliigas NBA .","</s>"
"wikipedia.org,wiki17","<s>","Orlando Magic on USA korvpalliklubi , mis mängib korvpalliliigas NBA .","</s>"
"wikipedia.org,wiki17","<s>","Nikolai Uspenski lõpetas 1969. aastal Moskva Riikliku Rahvusvaheliste Suhete Instituudi .","</s>"
"wikipedia.org,wiki17","<s>","Riigi Teatajas avaldatud seaduse järgi oli see Riikliku Propaganda Talitus .","</s>"
"wikipedia.org,wiki17","<s>","Francis Lai võitis filmi muusikaga Oscari ja Kuldgloobuse .","</s>"
"wikipedia.org,wiki17","<s>","Annika Vendik lõpetas 1991. aastal Tartu Ülikooli õigusteaduse erialal .","</s>"
"wikipedia.org,wiki17","<s>","Vastusena Soome sammule kutsus Serbia oma suursaadiku Soomes koju konsultatsioonidele .","</s>"
"wikipedia.org,wiki17","<s>","Urmas Sõõrumaa on lõpetanud Hageri algkooli ja Kohila keskkooli .","</s>"
"wikipedia.org,wiki17","<s>","Tiit Leito abikaasa on Karin Poola .","</s>"
"wikipedia.org,wiki17","<s>","Esta Tallinn oli Tallinnas asuv endine Eesti jalgpalliklubi .","</s>"
"wikipedia.org,wiki17","<s>","Sirje Kivimäe on ajaloolase Jüri Kivimäe abikaasa .","</s>"
"wikipedia.org,wiki17","<s>","Veljo Tormise abikaasa oli Lea Tormis .","</s>"
"wikipedia.org,wiki17","<s>","Arvo Mõttus sai hõbeda .","</s>"
"wikipedia.org,wiki17","<s>","Ago Neo sai pronksi .","</s>"
"wikipedia.org,wiki17","<s>","Tauno Võhmar oli vallavanem .","</s>"
"wikipedia.org,wiki17","<s>","Easy Company on hüüdnimi .","</s>"
"wikipedia.org,wiki17","<s>","Peter Ustinov oli oma prantsuse päritolu kunstnikust ema ja vene päritolu ajakirjanikust isa ainus poeg .","</s>"
"wikipedia.org,wiki17","<s>","Dmitri Koldun on artikkel .","</s>"
"wikipedia.org,wiki17","<s>","Esimesena Eestis kehtestati üritustel dresscode , mis on nüüd kasutusel ka teistel üritustel ja ööklubides .","</s>"
"wikipedia.org,wiki17","<s>","Thomas Hobbesi järgi on poliitiline autoriteet nii ulatuse kui ka sisu poolest piiramatu .","</s>"
"wikipedia.org,wiki17","<s>","Artiklis Vabaduse väljak on sellest jutt ning sealt tuleb siia viidata .","</s>"
"wikipedia.org,wiki17","<s>","Eesti Metodisti Kirikusse kuulub 28 kogudust , millel on kokku umbes 1800 liiget .","</s>"
"wikipedia.org,wiki17","<s>","Oskar Kallas nimetati 1918 Eesti saadikuks Helsingis .","</s>"
"wikipedia.org,wiki17","<s>","Jaan Undusk töötab Underi ja Tuglase Kirjanduskeskuse direktorina .","</s>"
"wikipedia.org,wiki17","<s>","Kuigi Zarja ehitas Vene ettevõte , kuulub moodul Ameerika Ühendriikidele .","</s>"
"wikipedia.org,wiki17","<s>","Kas Revalia on Rävala ?","</s>"
"wikipedia.org,wiki17","<s>","Artiklis Lühhike öppetus on teistsugune jutt .","</s>"
"wikipedia.org,wiki17","<s>","Ibn Sina järgi on maailm igavene ning allub vääramatule põhjuslikkuse seadusele .","</s>"
"wikipedia.org,wiki17","<s>","Enne Nobeli auhinna saamist oli tema looming väljaspool saksa keeleruumi vähetuntud .","</s>"
"wikipedia.org,wiki17","<s>","Tütar Imbi oli keraamik ja kunstipedagoog .","</s>"
"wikipedia.org,wiki17","<s>","Segapaarismängus Hiina ei osalenud vastava tasemega meestennisisti puudumise tõttu .","</s>"
"wikipedia.org,wiki17","<s>","Peale Munki juhtumit hakati välisriigi okupantidele osutama ulatuslikku vastupanu .","</s>"
"wikipedia.org,wiki17","<s>","Kuningas Birendra oli hoolimata oma vastuolulisusest rahva seas väga armastatud .","</s>"
"wikipedia.org,wiki17","<s>","Marvi Vallaste valiti parimaks uueks muusikuks .","</s>"
"wikipedia.org,wiki17","<s>","Rootsi Kirikust sai lõplikult luterlik rahvakirik .","</s>"
"wikipedia.org,wiki17","<s>","Kolmas Moosese raamat kirjeldab patuoinast .","</s>"
"wikipedia.org,wiki17","<s>","Näiteks Tšiilit iseloomustab aktiivse vulkaanilise kaare tektooniline režiim .","</s>"
"wikipedia.org,wiki17","<s>","Uus Testament tervikuna tõlgiti lõunaeesti keelde 1686. aastaks .","</s>"
"wikipedia.org,wiki17","<s>","Püha Lunastaja kirik on renessanss-stiilis kolmelööviline basiilika .","</s>"
"wikipedia.org,wiki17","<s>","Kapten Irv käsutas mind ühte aparaati kaasa võtma ja temaga ühes jaama tulema .","</s>"
"wikipedia.org,wiki17","<s>","Estonian Air suurendas lendude arvu Tallinna ja Moskva vahel neljale korrale nädalas , lisades neljapäevased lennud .","</s>"
"wikipedia.org,wiki17","<s>","Neeme Suur on Kaitseliidu Lääne maleva Risti malevkonna liige 1992. aastast .","</s>"
"wikipedia.org,wiki17","<s>","Kreekas Korful toimunud tippkohtumisel leppisid NATO ja Venemaa välisministrid kokku koostöö jätkamises .","</s>"
"wikipedia.org,wiki17","<s>","Sun Bin lükkas selle plaani tagasi .","</s>"
"wikipedia.org,wiki17","<s>","Artikli Ilmre järgi see ajakiri enam ei ilmu .","</s>"
"wikipedia.org,wiki17","<s>","Alfred Nobel oli kuni surmani selle ettevõtte juhatuse auesimees .","</s>"
"wikipedia.org,wiki17","<s>","Rakvere Linna Algkool otsustati avada Lääne-Viru Maavalitsuse 30. aprilli 1992. a .","</s>"
"wikipedia.org,wiki17","<s>","Kapten Rotschild teeniski kuni Vabadussõja lõpuni ülemjuhataja staabi kantselei ülemana .","</s>"
"wikipedia.org,wiki17","<s>","Noor Bosnia ei olnud selgepiiriline organisatsioon , vaid mässuline noorsooliikumine .","</s>"
"wikipedia.org,wiki17","<s>","Marshalli Saared asuvad Vaikse ookeani lääneosas ekvaatori lähistel .","</s>"
"wikipedia.org,wiki17","<s>","Kõnnu Suursoo jääb Põhja-Kõrvemaa looduskaitseala territooriumile .","</s>"
"wikipedia.org,wiki17","<s>","Vastloodud Slovaki vabariigi väed tungisid Poola lõunaossa .","</s>"
"wikipedia.org,wiki17","<s>","Kas Särevere hoonestus on mõlemal pool Prandi jõge ?","</s>"
"wikipedia.org,wiki17","<s>","Nõukogude Liidus võeti suurmeistri aunimetus kasutusele 1927. aastal .","</s>"
"wikipedia.org,wiki17","<s>","Kahes Port Arturi majas pakuvad oma kaupa ja teenuseid kokku üle 90 erineva ettevõtte .","</s>"
"wikipedia.org,wiki17","<s>","Vaino Väljas oli ka NSV Liidu Ülemnõukogu VII–IX koosseisu saadik .","</s>"
"wikipedia.org,wiki17","<s>","Merivälja Aedlinna Selts taastati 2000. aastal .","</s>"
"wikipedia.org,wiki17","<s>","Usuelu Suigu palvelas katkes 1963. aasta 8. septembri koosolekuga .","</s>"
"wikipedia.org,wiki17","<s>","Vanal Andresel aga pole enam uues maailmas kohta ja ta on justkui elav mälestus .","</s>"
"wikipedia.org,wiki17","<s>","Peamiselt Xetra kaudu avati Saksamaa turg välisinvestoritele ja 47 % börsil osalejast on välismaised .","</s>"
"wikipedia.org,wiki17","<s>","Pärast Heine surma muutus vaidlus tema üle isegi teravamaks – ning kestis rohkem kui sajandi .","</s>"
"wikipedia.org,wiki17","<s>","Tänases Aravete Keskkooli hoones on võimalik õppida 540 õpilasel .","</s>"
"wikipedia.org,wiki17","<s>","Merle Jääger pidas näiteks pikka aega rotti , mõni toidab ämblikku , jne .","</s>"
"wikipedia.org,wiki17","<s>","Tulirelvi Juudi Geto Politseil ei olnud .","</s>"
"wikipedia.org,wiki17","<s>","Meistrite Liigas langeti veerandfinaalis Madridi Atlético vastu .","</s>"
"wikipedia.org,wiki17","<s>","Läbi Nõo kulgeb 1887. aastal valminud laiarööpmelise Tartu-Valga raudtee .","</s>"
"wikipedia.org,wiki17","<s>","Lennart-Georg Meri sai 52 ja Arnold Rüütel 32 häält .","</s>"
"wikipedia.org,wiki17","<s>","Eestis Valgamaal kiitis Helme vallavolikogu heaks Tõrva linnavolikogu ettepaneku alustada läbirääkimisi kahe omavalitsuse ühinemiseks .","</s>"
"wikipedia.org,wiki17","<s>","Kuigi Egiptus sai 1922 iseseisvaks , jäid Briti väed Egiptusse kuni 1956. aastani .","</s>"
"wikipedia.org,wiki17","<s>","Kas Suurgildi kuulusid ka literaatidest rae liikmed ?","</s>"
"wikipedia.org,wiki17","<s>","Islami Džihaadi Ühendus asutati 2002 , väidetavalt Usbekistani salateenistuse poolt .","</s>"
"wikipedia.org,wiki17","<s>","Püha Ameti loomine oli osa katoliku kiriku reaktsioonist 16. sajandi protestantlikule reformatsioonile .","</s>"
"wikipedia.org,wiki17","<s>","Vägev Kotkas saabub ka mune päästma , olles eelnevaid sündmusi läbi oma binokli vaadanud .","</s>"
"wikipedia.org,wiki17","<s>","Ülo Sooster leiti surnult oma ateljeest .","</s>"
"wikipedia.org,wiki17","<s>","Jaagup Kreem pidas seda üheks paremaks looks kassetil .","</s>"
"wikipedia.org,wiki17","<s>","Hiljem Pariisis töötades dekoreeris ta eravalduses olevaid mõisaid .","</s>"
"wikipedia.org,wiki17","<s>","Suure Paugu teooria on tänapäeva teaduslikus kosmoloogias valdav teooria Universumi varajasest arengust .","</s>"
"wikipedia.org,wiki17","<s>","Roy Orbisoni surmaga kaotas aga projekt palju ja pärast veel üht albumit mindi laiali .","</s>"
"wikipedia.org,wiki17","<s>","Niimoodi Urmas seda seletas ja sellest me oleme kinni pidanud .","</s>"
"wikipedia.org,wiki17","<s>","Indrek Tiigi on Eesti Arhitektide Liidu liige .","</s>"
"wikipedia.org,wiki17","<s>","Jüri Ratas osaleb Juhan Smuuli kuju taasavamisel Muhus .","</s>"
"wikipedia.org,wiki17","<s>","Korvpalliklubi Tallinna Kalev on Eesti korvpalliklubi Tallinnas .","</s>"
"wikipedia.org,wiki17","<s>","Väljaspool Venemaad leidub kogudusi veel Valgevenes , Leedus , Šveitsis , Austrias ja Saksamaal .","</s>"
"wikipedia.org,wiki17","<s>","Ahto Vesmes sündis Tartus .","</s>"
"wikipedia.org,wiki17","<s>","Karl Talpak sündis Rakveres .","</s>"
"wikipedia.org,wiki17","<s>","Jüri Takjas sündis Rakveres .","</s>"
"wikipedia.org,wiki17","<s>","Baccarat Banque mängus on pankuri positsioon palju kindlam .","</s>"
"wikipedia.org,wiki17","<s>","Arabia Terra aladel leidub mitmeid huvitavaid pinnavorme .","</s>"
"wikipedia.org,wiki17","<s>","Aaro Aedviir tõusis tipule teist korda .","</s>"
"wikipedia.org,wiki17","<s>","Arvo Valtonil on tõenäoliselt mitmeid kirjandusauhindu ?","</s>"
"wikipedia.org,wiki17","<s>","Ilja Repin on mõjukamaid kriitilise realismi esindajaid .","</s>"
"wikipedia.org,wiki17","<s>","Heete Sahkai on avaldanud tõlkeid prantsuse keelest eesti keelde .","</s>"
"wikipedia.org,wiki17","<s>","Carlo Collodi isa oli kokk ja ema majateenija .","</s>"
"wikipedia.org,wiki17","<s>","Ekspress Hotline pakkus ka kõnekeskuse teenuseid .","</s>"
"wikipedia.org,wiki17","<s>","Els Himmal on kaks tütart .","</s>"
"wikipedia.org,wiki17","<s>","Erich Apel oli pärit töölisperekonnast .","</s>"
"wikipedia.org,wiki17","<s>","Freedom House on mittetulunduslik organisatsioon .","</s>"
"wikipedia.org,wiki17","<s>","Maiko Tammel on tugevad kompleksid .","</s>"
"wikipedia.org,wiki17","<s>","Tartu Ülikooli immatrikuleeriti ta 1639. aastal .","</s>"
"wikipedia.org,wiki17","<s>","Jakub Berman oli pärit keskklassi kuulunud juudi perekonnast .","</s>"
"wikipedia.org,wiki17","<s>","Jaak Ümarik oli Üliõpilasselts Liivika liige .","</s>"
"wikipedia.org,wiki17","<s>","Friedrich Nietzsche pidas ristiusu jumalat haletsusväärseks absurdiks ja kuritööks elu vastu .","</s>"
"wikipedia.org,wiki17","<s>","Ajaloolise Kraini piirkonna piirid muutusid läbi sajandite .","</s>"
"wikipedia.org,wiki17","<s>","Soome Eduskund kiitis heaks kahe uue tuumaelektrijaama rajamise .","</s>"
"wikipedia.org,wiki17","<s>","Veenus Neitsi märgis viitab tagasihoidlikkusele tunnete väljendamisel .","</s>"
"wikipedia.org,wiki17","<s>","Mitsubishi Motors on aktiivselt osalenud autospordis .","</s>"
"wikipedia.org,wiki17","<s>","Maud Carnegie ei täitnud kuninglikke kohustusi .","</s>"
"wikipedia.org,wiki17","<s>","Mart Siliksaar juhendab mitut treeninggruppi ja lapsi .","</s>"
"wikipedia.org,wiki17","<s>","Markus Hess on aktiivne poliitik ja ühiskonnategelane .","</s>"
"wikipedia.org,wiki17","<s>","Margo Kõlar tegutseb ka koorijuhina .","</s>"
"wikipedia.org,wiki17","<s>","Louise Duff on kõige loogilisem .","</s>"
"wikipedia.org,wiki17","<s>","Platon Zubov rajas parki ka paisjärve .","</s>"
"wikipedia.org,wiki17","<s>","PlayStation Move on saanud positiivset vastukaja .","</s>"
"wikipedia.org,wiki17","<s>","Oskar Raunam oli pottsepa poeg .","</s>"
"wikipedia.org,wiki17","<s>","Olmo Gentile on provintsi väikseima elanike arvuga omavalitsusüksus .","</s>"
"wikipedia.org,wiki17","<s>","Henrik Ibsenit peetakse üheks maailma suuremaks näitekirjanikuks ja suurimaks realistiks näitekirjanduses .","</s>"
"wikipedia.org,wiki17","<s>","Priit Ligi artiklis pole täisnimesid toodud .","</s>"
"wikipedia.org,wiki17","<s>","Silja Grünberg on eesti keeleteadlane .","</s>"
"wikipedia.org,wiki17","<s>","Umberto Eco on teinud semiootika laiemalt tuntuks .","</s>"
"wikipedia.org,wiki17","<s>","Üle Rio Branco on ehitatud üksainus sild .","</s>"
"wikipedia.org,wiki17","<s>","Rabi Šimon veetis niiviisi koopas 12 aastat .","</s>"
"wikipedia.org,wiki17","<s>","Xabi Alonsol on kaks venda .","</s>"
"wikipedia.org,wiki17","<s>","Winny Puhh ajab udu ja teeb uut plaati .","</s>"
"wikipedia.org,wiki17","<s>","Veeteede Talitus eksisteeris kuni nõukogude valitsusasutuste loomiseni .","</s>"
"wikipedia.org,wiki17","<s>","Meie Kodu on 1949. aastast Sydney Eesti Seltsi väljaantav Austraalia eestlaste nädalaleht .","</s>"
"wikipedia.org,wiki17","<s>","Euroopa Liit on mõisakompleksi restaureerimiseks eraldanud kokku 19,5 miljonit litti .","</s>"
"wikipedia.org,wiki17","<s>","Urmas Mikk suri 15. jaanuaril 1999 ja ta maeti 23. jaanuaril 1999 Metsakalmistule .","</s>"
"wikipedia.org,wiki17","<s>","Ave Alavainu on ainus ja viimane oma perekonnanime kandja Eestis ja tõenäoliselt ka kogu maailmas .","</s>"
"wikipedia.org,wiki17","<s>","Afganistanis Kabulis matuste ajal toimunud enesetapurünnakus sai surma vähemalt seitse ja vigastada üle 100 inimese .","</s>"
"wikipedia.org,wiki17","<s>","Artikkel Holokaust Eestis käsitleb juutide vastu toime pandud genotsiidi Eestis Teise maailmasõja ajal .","</s>"
"wikipedia.org,wiki17","<s>","Ain-Elmar Kaasik harrastab suusatamist , jalgrattasõitu ja pikamaajooksu .","</s>"
"wikipedia.org,wiki17","<s>","Adriana Lima valdab hästi portugali , hispaania ja inglise keelt .","</s>"
"wikipedia.org,wiki17","<s>","Ilmar Kruusamäe on kunsti alal iseõppija , akadeemilist kunstiharidust tal pole .","</s>"
"wikipedia.org,wiki17","<s>","Tütrepoeg Ants elab Saeveski talus .","</s>"
"wikipedia.org,wiki17","<s>","Ajakiri Time valis ta 2013. aasta inimeseks .","</s>"
"wikipedia.org,wiki17","<s>","Brigitte Reimann lõpetas gümnaasiumi 1951. aastal .","</s>"
"wikipedia.org,wiki17","<s>","Johannes Hirve looming sisaldab põhiliselt portreid , materjalidest eelistas ta marmorit .","</s>"
"wikipedia.org,wiki17","<s>","Anatoli Sobtšaki emapoolne vanaisa oli venelane , vanaema ukrainlanna .","</s>"
"wikipedia.org,wiki17","<s>","Ammende Villa ehitus algas 1904. aastal .","</s>"
"wikipedia.org,wiki17","<s>","Jakov Sverdlov lõpetas gümnaasiumi 4 klassi ning õppis edasi apteekriks .","</s>"
"wikipedia.org,wiki17","<s>","Šveitsis Davosi linnas algas Maailma Majandusfoorumi aastakoosolek .","</s>"
"wikipedia.org,wiki17","<s>","Pojapoeg Ott Arder oli luuletaja ja tõlkija .","</s>"
"wikipedia.org,wiki17","<s>","Knock Nevis oli supertanker , maailma suurim tanker .","</s>"
"wikipedia.org,wiki17","<s>","Josh Morgan on sõjaväelane , keda saadetakse mägedesse missioonile .","</s>"
"wikipedia.org,wiki17","<s>","Kevin Durant valiti 2012. aasta tähtede mängu kõige väärtuslikumaks mängijaks .","</s>"
"wikipedia.org,wiki17","<s>","Kas Karen Blixeni isa kirjutas inglise keeles ?","</s>"
"wikipedia.org,wiki17","<s>","Margaret Thatcher töötas keemikuna , seejärel advokaadina .","</s>"
"wikipedia.org,wiki17","<s>","Ajakiri Time avalikustas iga-aastase saja maailma mõjukama inimese nimekirja .","</s>"
"wikipedia.org,wiki17","<s>","Pärast Põhjasõda kuulus Maarja-Magdaleena kihelkonnas kogu maa mõisnikele .","</s>"
"wikipedia.org,wiki17","<s>","Reet Montoneni kitsamad erialad olid lastepsühholoogia , psühhoanalüüs ja pereteraapia .","</s>"
"wikipedia.org,wiki17","<s>","Andres Tvauri dateerib perioodi lõpuajaks 550. aasta .","</s>"
"wikipedia.org,wiki17","<s>","Rahva Raamatu visioon on olla Euroopa kõige lugejasõbralikum raamatumüüja .","</s>"
"wikipedia.org,wiki17","<s>","Pia Frausi nime sai bänd 1998. aasta sügisel .","</s>"
"wikipedia.org,wiki17","<s>","Pebble Time kuulutati välja 2015. aasta alguses .","</s>"
"wikipedia.org,wiki17","<s>","Enno Eesmaa vanemad on maetud Uudeküla kalmistule .","</s>"
"wikipedia.org,wiki17","<s>","Toomas Ehrpais oli legendaarne Vardi metsaülem .","</s>"
"wikipedia.org,wiki17","<s>","Timothy Kopra on isa kaudu Soome juurtega .","</s>"
"wikipedia.org,wiki17","<s>","Jaapani Saturni mängud olid tavalistes CD-plaatide karpides .","</s>"
"wikipedia.org,wiki17","<s>","Rünnak Pearl Harborile oli lõppenud .","</s>"
"wikipedia.org,wiki17","<s>","Viiuldaja Kristina Kriit on tema tütar .","</s>"
"wikipedia.org,wiki17","<s>","Steam Machine peaks Valve kohaselt tooma arvutiga mängimise kogemuse inimeste elutuppa .","</s>"
"wikipedia.org,wiki17","<s>","Jaan Lipp sündis Tarvastu kihelkonnas Vooru vallas , tema vanem vend oli Martin Lipp .","</s>"
"wikipedia.org,wiki17","<s>","Nõukogude Liidus anti välja Vene NFSV teenelise kunstniku aunimetust .","</s>"
"wikipedia.org,wiki17","<s>","Rahvaloomingu Keskmaja oli klubitöö ja isetegevuse juhendamiseks ja kontrollimiseks loodud riiklik keskasutus .","</s>"
"wikipedia.org,wiki17","<s>","Jaan Tõnissoni neljas valitsus oli sunnitud tagasi astuma 1933 aastal toimunud uue põhiseaduse rahvahääletuse tulemusel .","</s>"
"wikipedia.org,wiki17","<s>","Austusest Lulu vastu ei võtnud välja aga küsin mida sellega mõtled ?","</s>"
"wikipedia.org,wiki17","<s>","Vanaisa Lembit Mägedi oli näitleja Vanemuises , hiljem Pärnu Endlas .","</s>"
"wikipedia.org,wiki17","<s>","Pärast Mustakivi peatust tõuseb liin Raadiku sillale ja pöörab Kärberi tänavale .","</s>"
"wikipedia.org,wiki17","<s>","Jamie Price oli 24. augustil 2008 surnuks pussitanud rivaalitseva gängi liikme .","</s>"
"wikipedia.org,wiki17","<s>","Fort Utah asutati 12. märtsil 1849. aastal .","</s>"
"wikipedia.org,wiki17","<s>","Kardinal Giovanni Colonna asus 1240 keisrit pooldama .","</s>"
"wikipedia.org,wiki17","<s>","Krisse Salminen oli üks 2007. aasta Eurovisiooni lauluvõistluse saatejuhte .","</s>"
"wikipedia.org,wiki17","<s>","Euroopa Parlament toetas Eesti ühinemist euroalaga 2011. aasta alguses .","</s>"
"wikipedia.org,wiki17","<s>","Eestis Tallinna Kinomajas lõppes 43. amatöörfilmide festival .","</s>"
"wikipedia.org,wiki17","<s>","Hiinas Shanghais avati 2010. aasta maailmanäitus , mis kestab oktoobri lõpuni .","</s>"
"wikipedia.org,wiki17","<s>","Kas Sinu jutt on seotud Serbia ja Kosovo haldusjaotuse eristusega ?","</s>"
"wikipedia.org,wiki17","<s>","Deutsches Reich ei ole Kolmas Riik .","</s>"
"wikipedia.org,wiki17","<s>","Svea Otsmaa on teenistujate tütar ja Vello Otsmaa abikaasa .","</s>"
"wikipedia.org,wiki17","<s>","Kui Eestisse saabusid keiserliku Saksamaa okupatsiooniväed , demobiliseeriti eestlaste väeüksused .","</s>"
"wikipedia.org,wiki17","<s>","Santo Domingo on Dominikaani Vabariigi pealinn ja suurim linn .","</s>"
"wikipedia.org,wiki17","<s>","Virumaa Teatajas avaldatud artiklile järgnenud päevade jooksul ilmus üleriigilises meedias mitmeid arvamuslugusid .","</s>"
"wikipedia.org,wiki17","<s>","Kui Diane oli 13- või 14-aastane , läksid vanemad lahku .","</s>"
"wikipedia.org,wiki17","<s>","President Lennart Meri ei vabastanud ametist majandusminister Toomas Sildmäed ega kinnitanud uut rahandusministrit .","</s>"
"wikipedia.org,wiki17","<s>","Nõukogude Venemaa ei suutnud Eesti kaitsest läbi murda ning 1919. aasta lõpuks nõustus vaherahuga .","</s>"
"wikipedia.org,wiki17","<s>","Kas Albert Fuller Ellis sobib sellesse loendisse ?","</s>"
"wikipedia.org,wiki17","<s>","Kui Malta iseseisvus , loodi lennufirma Malta Airlines , mis aga varsti likvideeriti .","</s>"
"wikipedia.org,wiki17","<s>","Andres Ellamaa oli 2009. aastani Tallinna Linnavolikogu liige ja on Kesklinna Halduskogu liige .","</s>"
"wikipedia.org,wiki17","<s>","Nikita Hruštšov ütles oma kõnes , et Nõukogude Liidus ehitatakse kommunistlik ühiskond üles 1980. aastaks .","</s>"
"wikipedia.org,wiki17","<s>","Näiteks Tallinna bussijaam asub Lastekodu tänaval , kuid Viru keskuse bussiterminal on Tallinna ühistranspordi bussijaam .","</s>"
"wikipedia.org,wiki17","<s>","Mark Twaini lause käib samuti pigem saarestiku kohta .","</s>"
"wikipedia.org,wiki17","<s>","Enno Kross on paljude ettekannete ja publikatsioonide kaasautor või autor .","</s>"
"wikipedia.org,wiki17","<s>","Johannes Taul on rahvamuusikat ise kogunud ja kogutut oma ansamblitega esitanud .","</s>"
"wikipedia.org,wiki17","<s>","Kas Spengler on ikka piisavalt autoriteetne allikas ?","</s>"
"wikipedia.org,wiki17","<s>","Henry Ford propageeris sojaoa kasutamist niihästi toiduna kui tööstuse toorainena .","</s>"
"wikipedia.org,wiki17","<s>","Visual Kei artistid on kergesti ära tuntavad oma välimuse poolest .","</s>"
"wikipedia.org,wiki17","<s>","Kalju Vaikjärv oli 1982. aastal TA Orienteerumisklubi asutajaliige ja esimene esimees .","</s>"
"wikipedia.org,wiki17","<s>","Eestis Tallinnas algas Majanduskoostöö ja Arengu Organisatsiooni aastakoosolek .","</s>"
"wikipedia.org,wiki17","<s>","Mihhail Lotman on Tallinna Ülikooli professor ja Tartu Ülikooli vanemteadur .","</s>"
"wikipedia.org,wiki17","<s>","Kas Eesti rahva kalender oli tõesti 1954 aastast kui kõik muu oli 100 aastat vanem ?","</s>"
"wikipedia.org,wiki17","<s>","Dagmar Normet töötas muu hulgas võimlemise , rahvatantsu ja kehalise kasvatuse õpetajana .","</s>"
"wikipedia.org,wiki17","<s>","Pärast Poola sõjakäiku sai ta Venemaa keisririigi riiginõuniku ametikoha ja suundus poliitikasse .","</s>"
"wikipedia.org,wiki17","<s>","Pirkko Mannola töötas mitmes teatris ning lõpetas koosseisulise teatrinäitleja töö 2003. aastal .","</s>"
"wikipedia.org,wiki17","<s>","Krista Pint on tegelnud Võtikvere raamatuküla peole rahastuse otsimisega ja suhtleb kirjastustega .","</s>"
